Wavenumber,Diamond_abs,A_defect_abs,B_defect_abs,C_defect_abs
600.019,0.0,0.0,0.0,0.0
601.225,0.101193,0.0,0.0,0.0
602.43,0.139065,0.0,0.0,0.0
603.636,0.169492,0.0,0.0,0.0
604.841,0.172321,0.0,0.0,0.0
606.046,0.154113,0.0,0.0,0.0
607.252,0.167001,0.0,0.0,0.0
608.457,0.217953,0.0,0.0,0.0
609.662,0.249087,0.0,0.0,0.0
610.868,0.260341,0.0,0.0,0.0
612.073,0.305672,0.0,0.0,0.0
613.278,0.3928,0.0,0.0,0.0
614.484,0.376101,0.0,0.0,0.0
615.689,0.383386,0.0,0.0,0.0
616.894,0.438493,0.0,0.0,0.0
618.1,0.410819,0.0,0.0,0.0
619.305,0.397768,0.0,0.0,0.0
620.51,0.465558,0.0,0.0,0.0
621.716,0.479207,0.0,0.0,0.0
622.921,0.446895,0.0,0.0,0.0
624.126,0.530776,0.0,0.0,0.0
625.332,0.526773,0.0,0.0,0.0
626.537,0.492948,0.0,0.0,0.0
627.742,0.593875,0.0,0.0,0.0
628.948,0.527174,0.0,0.0,0.0
630.153,0.528723,0.0,0.0,0.0
631.359,0.574844,0.0,0.0,0.0
632.564,0.540752,0.0,0.0,0.0
633.769,0.565446,0.0,0.0,0.0
634.975,0.590114,0.0,0.0,0.0
636.18,0.585915,0.0,0.0,0.0
637.385,0.602035,0.0,0.0,0.0
638.591,0.628984,0.0,0.0,0.0
639.796,0.632462,0.0,0.0,0.0
641.001,0.627991,0.0,0.0,0.0
642.207,0.643278,0.0,0.0,0.0
643.412,0.662723,0.0,0.0,0.0
644.617,0.678948,0.0,0.0,0.0
645.823,0.684641,0.0,0.0,0.0
647.028,0.701171,0.0,0.0,0.0
648.233,0.73005,0.0,0.0,0.0
649.439,0.733536,0.0,0.0,0.0
650.644,0.71524,0.0,0.0,0.0
651.849,0.768196,0.0,0.0,0.0
653.055,0.809396,0.0,0.0,0.0
654.26,0.730951,0.0,0.0,0.0
655.465,0.894729,0.0,0.0,0.0
656.671,0.845685,0.0,0.0,0.0
657.876,0.755195,0.0,0.0,0.0
659.081,0.941595,0.0,0.0,0.0
660.287,0.844734,0.0,0.0,0.0
661.492,0.779481,0.0,0.0,0.0
662.697,0.965769,0.0,0.0,0.0
663.903,0.864094,0.0,0.0,0.0
665.108,0.784612,0.0,0.0,0.0
666.313,1.06952,0.0,0.0,0.0
667.519,1.29157,0.0,0.0,0.0
668.724,0.964769,0.0,0.0,0.0
669.929,0.999484,0.0,0.0,0.0
671.135,0.911,0.0,0.0,0.0
672.34,0.842196,0.0,0.0,0.0
673.545,0.954973,0.0,0.0,0.0
674.751,0.915892,0.0,0.0,0.0
675.956,0.872561,0.0,0.0,0.0
677.161,0.918747,0.0,0.0,0.0
678.367,0.96011,0.0,0.0,0.0
679.572,0.919087,0.0,0.0,0.0
680.778,0.910915,0.0,0.0,0.0
681.983,1.0076,0.0,0.0,0.0
683.188,0.961618,0.0,0.0,0.0
684.394,0.928608,0.0,0.0,0.0
685.599,1.02092,0.0,0.0,0.0
686.804,0.992021,0.0,0.0,0.0
688.01,0.940091,0.0,0.0,0.0
689.215,1.02974,0.0,0.0,0.0
690.42,1.02931,0.0,0.0,0.0
691.625,0.949992,0.0,0.0,0.0
692.831,1.0108,0.0,0.0,0.0
694.036,1.04944,0.0,0.0,0.0
695.242,0.97924,0.0,0.0,0.0
696.447,1.01109,0.0,0.0,0.0
697.652,1.06165,0.0,0.0,0.0
698.858,1.0019,0.0,0.0,0.0
700.063,1.00867,0.0,0.0,0.0
701.268,1.07433,0.0,0.0,0.0
702.474,1.03069,0.0,0.0,0.0
703.679,1.01717,0.0,0.0,0.0
704.884,1.07881,0.0,0.0,0.0
706.09,1.05494,0.0,0.0,0.0
707.295,1.03342,0.0,0.0,0.0
708.5,1.08376,0.0,0.0,0.0
709.706,1.07587,0.0,0.0,0.0
710.911,1.04715,0.0,0.0,0.0
712.116,1.07744,0.0,0.0,0.0
713.322,1.08752,0.0,0.0,0.0
714.527,1.05846,0.0,0.0,0.0
715.732,1.07536,0.0,0.0,0.0
716.938,1.09401,0.0,0.0,0.0
718.143,1.07796,0.0,0.0,0.0
719.348,1.09697,0.0,0.0,0.0
720.554,1.11393,0.0,0.0,0.0
721.759,1.08894,0.0,0.0,0.0
722.965,1.09832,0.0,0.0,0.0
724.17,1.11749,0.0,0.0,0.0
725.375,1.10406,0.0001,0.0,0.0
726.581,1.10771,0.0001,0.0,0.0
727.786,1.12394,0.0001,0.0,0.0
728.991,1.11538,0.0001,0.0,0.0
730.197,1.11863,0.0001,0.0,0.0
731.402,1.13968,0.0001,0.0,0.0
732.607,1.12768,0.0001,0.0,0.0
733.813,1.12349,0.0001,0.0,0.0
735.018,1.1456,0.0001,0.0,0.0
736.223,1.13465,0.0001,0.0,0.0
737.429,1.12385,0.0001,0.0,0.0
738.634,1.15935,0.0001,0.0,0.0
739.839,1.16182,0.0001,0.0,0.0
741.045,1.13688,0.0001,0.0,0.0
742.25,1.16538,0.0001,0.0,0.0
743.455,1.18273,0.0001,0.0,0.0
744.661,1.14842,0.0001,0.0,0.0
745.866,1.16997,0.0001,0.0,0.0
747.071,1.20481,0.0001,0.0,0.0
748.277,1.16698,0.0001,0.0,0.0
749.482,1.17081,0.0001,0.0,0.0
750.687,1.2157,0.0001,0.0,0.0
751.893,1.18768,0.0001,0.0,0.0
753.098,1.16674,0.0001,0.0,0.0
754.303,1.21936,0.0001,0.0,0.0
755.509,1.2186,0.0001,0.0,0.0
756.714,1.17945,0.0001,0.0,0.0
757.919,1.22023,0.0001,0.0,0.0
759.125,1.24482,0.0001,0.0,0.0
760.33,1.19503,0.0001,0.0,0.0
761.535,1.21234,0.0001,0.0,0.0
762.741,1.25444,0.0001,0.0,0.0
763.946,1.21405,0.0001,0.0,0.0
765.151,1.20178,0.0001,0.0,0.0
766.357,1.2582,0.0001,0.0,0.0
767.562,1.24599,0.0001,0.0,0.0
768.768,1.20923,0.0001,0.0,0.0
769.973,1.25878,0.0001,0.0,0.0
771.178,1.27225,0.0001,0.0,0.0
772.384,1.21727,0.0001,0.0,0.0
773.589,1.24112,0.0001,0.0,0.0
774.794,1.28083,0.0001,0.0,0.0
776.0,1.2371,0.0001,0.0,0.0
777.205,1.23788,0.0001,0.0,0.0
778.41,1.29033,0.0001,0.0,0.0
779.615,1.26565,0.0001,0.0,0.0
780.821,1.23652,0.0001,0.0,0.0
782.026,1.28987,0.0001,0.0,0.0
783.232,1.29064,0.0001,0.0,0.0
784.437,1.24887,0.0001,0.0,0.0
785.642,1.28279,0.0002,0.0,0.0
786.848,1.30505,0.0002,0.0,0.0
788.053,1.26441,0.0002,0.0,0.0
789.258,1.27499,0.0002,0.0,0.0
790.464,1.31514,0.0002,0.0,0.0
791.669,1.28456,0.0002,0.0,0.0
792.874,1.27312,0.0002,0.0,0.0
794.08,1.31424,0.0002,0.0,0.0
795.285,1.30278,0.0002,0.0,0.0
796.49,1.27489,0.0002,0.0,0.0
797.696,1.30377,0.0002,0.0,0.0
798.901,1.30605,0.0002,0.0,0.0
800.106,1.27097,0.0002,0.0,0.0
801.312,1.28849,0.0002,0.0,0.0
802.517,1.30775,0.0002,0.0,0.0
803.722,1.27593,0.0002,0.0,0.0
804.928,1.26862,0.0002,0.0,0.0
806.133,1.2893,0.0002,0.0,0.0
807.338,1.27107,0.0002,0.0,0.0
808.544,1.25436,0.0002,0.0,0.0
809.749,1.27587,0.0002,0.0,0.0
810.955,1.27389,0.0002,0.0,0.0
812.16,1.24978,0.0002,0.0,0.0
813.365,1.26085,0.0002,0.0,0.0
814.571,1.27042,0.0002,0.0,0.0
815.776,1.25397,0.0002,0.0,0.0
816.981,1.25704,0.0002,0.0,0.0
818.187,1.26931,0.0003,0.0,0.0
819.392,1.25723,0.0003,0.0,0.0
820.597,1.24938,0.0003,0.0,0.0
821.803,1.25429,0.0003,0.0,0.0
823.008,1.24809,0.0003,0.0,0.0
824.213,1.23692,0.0003,0.0,0.0
825.419,1.23958,0.0003,0.0,0.0
826.624,1.24168,0.0003,0.0,0.0
827.829,1.23396,0.0003,0.0,0.0
829.035,1.23301,0.0003,0.0,0.0
830.24,1.23443,0.0003,0.0,0.0
831.445,1.22913,0.0003,0.0,0.0
832.651,1.23187,0.0003,0.0,0.0
833.856,1.23392,0.0003,0.0,0.0
835.061,1.23269,0.0003,0.0,0.0
836.267,1.23024,0.0003,0.0,0.0
837.472,1.23151,0.0003,0.0,0.0
838.677,1.23265,0.0003,0.0,0.0
839.883,1.23208,0.0003,0.0,0.0
841.088,1.23407,0.0004,0.0,0.0
842.293,1.23819,0.0004,0.0,0.0
843.499,1.23688,0.0004,0.0,0.0
844.704,1.23761,0.0004,0.0,0.0
845.909,1.24145,0.0004,0.0,0.0
847.115,1.23952,0.0004,0.0,0.0
848.32,1.2422,0.0004,0.0,0.0
849.525,1.24436,0.0004,0.0,0.0
850.731,1.24313,0.0004,0.0,0.0
851.936,1.24189,0.0004,0.0,0.0
853.141,1.24206,0.0004,0.0,0.0
854.347,1.23661,0.0004,0.0,0.0
855.552,1.23737,0.0004,0.0,0.0
856.758,1.24152,0.0004,0.0,0.0
857.963,1.23863,0.0004,0.0,0.0
859.168,1.23187,0.0004,0.0,0.0
860.374,1.23756,0.0005,0.0,0.0
861.579,1.24143,0.0005,0.0,0.0
862.784,1.23503,0.0005,0.0,0.0
863.99,1.23852,0.0005,0.0,0.0
865.195,1.24452,0.0005,0.0,0.0
866.4,1.23594,0.0005,0.0,0.0
867.606,1.23642,0.0005,0.0,0.0
868.811,1.24335,0.0005,0.0,0.0
870.016,1.24242,0.0005,0.0,0.0
871.222,1.23982,0.0005,0.0,0.0
872.427,1.24148,0.0005,0.0,0.0
873.632,1.24201,0.0005,0.0,0.0
874.838,1.24004,0.0005,0.0,0.0
876.043,1.24107,0.0005,0.0,0.0
877.248,1.24107,0.0006,0.0,0.0
878.454,1.2388,0.0006,0.0,0.0
879.659,1.24342,0.0006,0.0,0.0
880.864,1.24833,0.0006,0.0,0.0
882.07,1.24487,0.0006,0.0,0.0
883.275,1.24789,0.0006,0.0,0.0
884.48,1.25336,0.0006,0.0,0.0
885.686,1.24702,0.0006,0.0,0.0
886.891,1.24431,0.0006,0.0,0.0
888.096,1.25138,0.0006,0.0,0.0
889.302,1.24948,0.0006,0.0,0.0
890.507,1.24881,0.0006,0.0,0.0
891.712,1.25665,0.0006,0.0,0.0
892.918,1.25509,0.0007,0.0,0.0
894.123,1.25159,0.0007,0.0,0.0001
895.328,1.25729,0.0007,0.0,0.0001
896.534,1.26125,0.0007,0.0001,0.0001
897.739,1.25452,0.0007,0.0001,0.0001
898.944,1.2563,0.0007,0.0001,0.0001
900.15,1.26212,0.0007,0.0001,0.0001
901.355,1.25645,0.0007,0.0001,0.0001
902.561,1.25343,0.0007,0.0001,0.0001
903.766,1.26047,0.0007,0.0001,0.0001
904.971,1.26036,0.0007,0.0001,0.0001
906.177,1.2558,0.0007,0.0001,0.0001
907.382,1.25844,0.0008,0.0001,0.0001
908.587,1.26433,0.0008,0.0001,0.0001
909.793,1.26036,0.0008,0.0002,0.0001
910.998,1.25425,0.0008,0.0002,0.0002
912.203,1.2625,0.0008,0.0002,0.0002
913.409,1.2593,0.0008,0.0002,0.0002
914.614,1.25107,0.0008,0.0002,0.0002
915.819,1.25729,0.0008,0.0003,0.0002
917.025,1.25495,0.0008,0.0003,0.0002
918.23,1.24498,0.0008,0.0003,0.0002
919.435,1.25171,0.0008,0.0003,0.0003
920.641,1.25501,0.0009,0.0004,0.0003
921.846,1.24171,0.0009,0.0004,0.0003
923.051,1.23895,0.0009,0.0004,0.0003
924.257,1.24599,0.0009,0.0005,0.0003
925.462,1.23806,0.0009,0.0005,0.0004
926.667,1.2295,0.0009,0.0006,0.0004
927.873,1.23351,0.0009,0.0006,0.0004
929.078,1.23319,0.0009,0.0007,0.0004
930.283,1.21985,0.0009,0.0007,0.0005
931.489,1.21508,0.0009,0.0008,0.0005
932.694,1.2208,0.0009,0.0008,0.0005
933.899,1.21392,0.001,0.0009,0.0006
935.105,1.20561,0.001,0.001,0.0006
936.31,1.20715,0.001,0.001,0.0006
937.515,1.20102,0.001,0.0011,0.0007
938.721,1.18735,0.001,0.0012,0.0007
939.926,1.18781,0.001,0.0013,0.0008
941.131,1.18963,0.001,0.0014,0.0008
942.337,1.1795,0.001,0.0015,0.0009
943.542,1.1757,0.001,0.0016,0.0009
944.747,1.17744,0.001,0.0017,0.001
945.953,1.16742,0.001,0.0018,0.001
947.158,1.15684,0.0011,0.0019,0.0011
948.364,1.15662,0.0011,0.002,0.0011
949.569,1.14721,0.0011,0.0021,0.0012
950.774,1.13529,0.0011,0.0023,0.0012
951.98,1.1347,0.0011,0.0024,0.0013
953.185,1.13299,0.0011,0.0025,0.0014
954.39,1.12131,0.0011,0.0027,0.0014
955.596,1.11245,0.0011,0.0028,0.0015
956.801,1.11323,0.0011,0.003,0.0016
958.006,1.10771,0.0011,0.0031,0.0017
959.212,1.09399,0.0011,0.0033,0.0018
960.417,1.08946,0.0012,0.0034,0.0018
961.622,1.08626,0.0012,0.0036,0.0019
962.828,1.07505,0.0012,0.0038,0.002
964.033,1.06939,0.0012,0.0039,0.0021
965.238,1.06896,0.0012,0.0041,0.0022
966.444,1.05783,0.0012,0.0043,0.0023
967.649,1.04935,0.0012,0.0045,0.0024
968.854,1.04756,0.0012,0.0046,0.0025
970.06,1.04164,0.0012,0.0048,0.0026
971.265,1.03293,0.0012,0.005,0.0027
972.47,1.02789,0.0012,0.0052,0.0028
973.676,1.02551,0.0013,0.0054,0.0029
974.881,1.01317,0.0013,0.0056,0.0031
976.086,1.00385,0.0013,0.0057,0.0032
977.292,1.00176,0.0013,0.0059,0.0033
978.497,0.997542,0.0013,0.0061,0.0034
979.702,0.993081,0.0013,0.0063,0.0036
980.908,0.989156,0.0013,0.0065,0.0037
982.113,0.986644,0.0013,0.0066,0.0038
983.318,0.980409,0.0013,0.0068,0.0039
984.524,0.97429,0.0013,0.007,0.0041
985.729,0.973124,0.0013,0.0071,0.0042
986.934,0.968367,0.0013,0.0073,0.0044
988.14,0.960358,0.0014,0.0075,0.0045
989.345,0.961333,0.0014,0.0076,0.0046
990.551,0.961084,0.0014,0.0078,0.0048
991.756,0.956557,0.0014,0.0079,0.0049
992.961,0.956972,0.0014,0.0081,0.0051
994.167,0.956852,0.0014,0.0082,0.0052
995.372,0.951924,0.0014,0.0084,0.0053
996.577,0.949732,0.0014,0.0086,0.0055
997.783,0.949634,0.0014,0.0088,0.0056
998.988,0.951385,0.0014,0.0089,0.0058
1000.19,0.951865,0.0014,0.0092,0.0059
1001.4,0.949734,0.0015,0.0094,0.0061
1002.6,0.954027,0.0015,0.0096,0.0062
1003.81,0.961035,0.0015,0.0098,0.0064
1005.01,0.960666,0.0015,0.01,0.0065
1006.22,0.962332,0.0015,0.0101,0.0066
1007.42,0.961782,0.0015,0.0102,0.0068
1008.63,0.966739,0.0015,0.0103,0.0069
1009.84,0.968791,0.0015,0.0103,0.0071
1011.04,0.96759,0.0015,0.0103,0.0072
1012.25,0.970108,0.0015,0.0102,0.0073
1013.45,0.974445,0.0016,0.0101,0.0075
1014.66,0.976394,0.0016,0.0099,0.0076
1015.86,0.979329,0.0016,0.0097,0.0077
1017.07,0.980178,0.0016,0.0095,0.0078
1018.27,0.978091,0.0016,0.0093,0.0079
1019.48,0.974427,0.0016,0.0091,0.0081
1020.68,0.975619,0.0016,0.0089,0.0082
1021.89,0.979089,0.0016,0.0088,0.0083
1023.1,0.975316,0.0017,0.0086,0.0084
1024.3,0.96906,0.0017,0.0084,0.0085
1025.51,0.966277,0.0017,0.0083,0.0086
1026.71,0.96464,0.0017,0.0082,0.0087
1027.92,0.959461,0.0017,0.008,0.0088
1029.12,0.956269,0.0017,0.0079,0.0088
1030.33,0.952082,0.0017,0.0078,0.0089
1031.53,0.946623,0.0018,0.0077,0.009
1032.74,0.942746,0.0018,0.0076,0.0091
1033.94,0.940362,0.0018,0.0075,0.0091
1035.15,0.935381,0.0018,0.0074,0.0092
1036.35,0.92927,0.0018,0.0073,0.0092
1037.56,0.923871,0.0019,0.0072,0.0093
1038.76,0.922254,0.0019,0.0071,0.0093
1039.97,0.917184,0.0019,0.007,0.0094
1041.17,0.911957,0.0019,0.0069,0.0094
1042.38,0.908557,0.002,0.0068,0.0094
1043.59,0.902033,0.002,0.0068,0.0095
1044.79,0.896862,0.002,0.0067,0.0095
1046.0,0.894708,0.002,0.0066,0.0095
1047.2,0.891616,0.0021,0.0066,0.0096
1048.41,0.883082,0.0021,0.0065,0.0096
1049.61,0.880091,0.0021,0.0065,0.0096
1050.82,0.880115,0.0022,0.0065,0.0096
1052.02,0.874497,0.0022,0.0065,0.0096
1053.23,0.866893,0.0022,0.0065,0.0096
1054.43,0.863836,0.0023,0.0065,0.0097
1055.64,0.859893,0.0023,0.0065,0.0097
1056.84,0.855098,0.0024,0.0065,0.0097
1058.05,0.855372,0.0024,0.0065,0.0097
1059.26,0.852468,0.0025,0.0066,0.0097
1060.46,0.844272,0.0025,0.0066,0.0098
1061.67,0.838229,0.0026,0.0067,0.0098
1062.87,0.835088,0.0026,0.0068,0.0098
1064.08,0.831955,0.0027,0.0069,0.0099
1065.28,0.828455,0.0027,0.007,0.0099
1066.49,0.825959,0.0028,0.0071,0.01
1067.69,0.823822,0.0029,0.0072,0.01
1068.9,0.81777,0.0029,0.0074,0.0101
1070.1,0.814691,0.003,0.0075,0.0102
1071.31,0.813062,0.0031,0.0077,0.0103
1072.51,0.816133,0.0032,0.0079,0.0104
1073.72,0.817578,0.0033,0.0081,0.0106
1074.92,0.815146,0.0034,0.0083,0.0108
1076.13,0.811611,0.0035,0.0085,0.0111
1077.34,0.807711,0.0036,0.0087,0.0114
1078.54,0.803297,0.0037,0.009,0.0117
1079.75,0.804401,0.0039,0.0092,0.0122
1080.95,0.805775,0.0041,0.0096,0.0127
1082.16,0.803687,0.0043,0.0099,0.0134
1083.36,0.803268,0.0045,0.0104,0.0141
1084.57,0.802288,0.0048,0.0109,0.0149
1085.77,0.800805,0.0051,0.0114,0.0158
1086.98,0.803407,0.0054,0.012,0.0171
1088.18,0.803311,0.0057,0.0126,0.0183
1089.39,0.801624,0.006,0.0132,0.0187
1090.59,0.798473,0.0063,0.0138,0.0187
1091.8,0.797864,0.0065,0.0143,0.0189
1093.01,0.79658,0.0068,0.0147,0.0191
1094.21,0.794719,0.0069,0.015,0.0193
1095.41,0.793968,0.007,0.0151,0.0194
1096.62,0.794486,0.0071,0.0152,0.0195
1097.83,0.79404,0.0071,0.0151,0.0195
1099.03,0.79261,0.0071,0.0149,0.0195
1100.24,0.783841,0.0071,0.0148,0.0196
1101.44,0.779114,0.0071,0.0146,0.0198
1102.65,0.774956,0.0071,0.0144,0.0201
1103.85,0.774859,0.0071,0.0143,0.0205
1105.06,0.773473,0.0071,0.0142,0.021
1106.26,0.773636,0.0071,0.0141,0.0216
1107.47,0.769657,0.0072,0.0141,0.0223
1108.67,0.766334,0.0073,0.0142,0.0231
1109.88,0.761996,0.0075,0.0142,0.0241
1111.09,0.756551,0.0076,0.0143,0.0251
1112.29,0.755337,0.0078,0.0144,0.0262
1113.49,0.75007,0.008,0.0145,0.0273
1114.7,0.747206,0.0082,0.0145,0.0285
1115.91,0.744682,0.0084,0.0146,0.0298
1117.11,0.739205,0.0086,0.0147,0.031
1118.32,0.735711,0.0088,0.0148,0.0323
1119.52,0.732935,0.0091,0.0148,0.0336
1120.73,0.730715,0.0093,0.0149,0.0348
1121.93,0.729044,0.0095,0.015,0.0359
1123.14,0.729741,0.0098,0.0151,0.0369
1124.34,0.723653,0.01,0.0152,0.0379
1125.55,0.726,0.0102,0.0153,0.0386
1126.75,0.723303,0.0105,0.0154,0.0392
1127.96,0.719625,0.0107,0.0155,0.0397
1129.16,0.720256,0.011,0.0157,0.0399
1130.37,0.717851,0.0112,0.0158,0.04
1131.58,0.716993,0.0115,0.016,0.0399
1132.78,0.717142,0.0117,0.0162,0.0396
1133.99,0.719094,0.012,0.0165,0.0392
1135.19,0.720867,0.0122,0.0168,0.0387
1136.4,0.718183,0.0125,0.0171,0.0381
1137.6,0.716378,0.0127,0.0175,0.0374
1138.81,0.715502,0.013,0.0179,0.0367
1140.01,0.717376,0.0132,0.0183,0.0359
1141.22,0.718502,0.0135,0.0188,0.0351
1142.42,0.714836,0.0138,0.0193,0.0344
1143.63,0.716558,0.014,0.0199,0.0336
1144.83,0.719698,0.0143,0.0205,0.0329
1146.04,0.718974,0.0146,0.0212,0.0322
1147.24,0.717653,0.0148,0.0219,0.0316
1148.45,0.717192,0.0151,0.0226,0.0311
1149.66,0.717584,0.0154,0.0233,0.0305
1150.86,0.72187,0.0156,0.0241,0.03
1152.07,0.719977,0.0159,0.0249,0.0296
1153.27,0.719473,0.0162,0.0257,0.0292
1154.48,0.723791,0.0165,0.0265,0.0288
1155.68,0.72045,0.0169,0.0273,0.0284
1156.89,0.72321,0.0172,0.0281,0.028
1158.09,0.726123,0.0176,0.0288,0.0277
1159.3,0.726633,0.018,0.0296,0.0274
1160.5,0.723598,0.0184,0.0303,0.027
1161.71,0.724592,0.0188,0.0309,0.0267
1162.91,0.723379,0.0192,0.0315,0.0264
1164.12,0.72346,0.0197,0.032,0.0261
1165.33,0.726142,0.0202,0.0325,0.0258
1166.53,0.728128,0.0207,0.0329,0.0255
1167.74,0.727351,0.0213,0.0332,0.0252
1168.94,0.725058,0.0218,0.0335,0.0249
1170.15,0.724869,0.0223,0.0336,0.0246
1171.35,0.72603,0.0229,0.0337,0.0243
1172.56,0.728801,0.0234,0.0336,0.024
1173.76,0.731411,0.0239,0.0335,0.0237
1174.97,0.73372,0.0243,0.0333,0.0235
1176.17,0.736052,0.0247,0.0331,0.0232
1177.38,0.739032,0.0251,0.0327,0.023
1178.58,0.742414,0.0255,0.0323,0.0227
1179.79,0.742065,0.0258,0.0319,0.0225
1180.99,0.738347,0.026,0.0313,0.0222
1182.2,0.740654,0.0262,0.0308,0.022
1183.4,0.748215,0.0264,0.0302,0.0218
1184.61,0.751485,0.0266,0.0296,0.0215
1185.82,0.750352,0.0267,0.029,0.0213
1187.02,0.750976,0.0268,0.0284,0.0211
1188.23,0.753167,0.0269,0.0277,0.0209
1189.43,0.759023,0.027,0.0271,0.0207
1190.64,0.760834,0.0271,0.0265,0.0205
1191.84,0.758308,0.0272,0.026,0.0203
1193.05,0.762477,0.0274,0.0254,0.0201
1194.25,0.765373,0.0275,0.0249,0.0199
1195.46,0.766669,0.0277,0.0244,0.0196
1196.66,0.768477,0.0278,0.024,0.0194
1197.87,0.768442,0.028,0.0235,0.0192
1199.08,0.770244,0.0282,0.0231,0.019
1200.28,0.77255,0.0284,0.0227,0.0188
1201.48,0.774088,0.0286,0.0224,0.0186
1202.69,0.774084,0.0288,0.022,0.0184
1203.9,0.775097,0.029,0.0217,0.0182
1205.1,0.777719,0.0291,0.0213,0.018
1206.31,0.777244,0.0293,0.021,0.0178
1207.51,0.777623,0.0294,0.0206,0.0176
1208.72,0.779404,0.0295,0.0203,0.0174
1209.92,0.781365,0.0296,0.0199,0.0172
1211.13,0.781356,0.0296,0.0195,0.017
1212.33,0.781311,0.0297,0.0191,0.0168
1213.54,0.781446,0.0296,0.0187,0.0166
1214.74,0.78377,0.0296,0.0183,0.0164
1215.95,0.784794,0.0295,0.0179,0.0162
1217.15,0.785607,0.0294,0.0174,0.016
1218.36,0.786261,0.0292,0.017,0.0158
1219.57,0.784973,0.029,0.0166,0.0156
1220.77,0.785248,0.0288,0.0161,0.0154
1221.98,0.787661,0.0285,0.0157,0.0152
1223.18,0.788891,0.0282,0.0153,0.0151
1224.39,0.790715,0.0279,0.015,0.0149
1225.59,0.790573,0.0276,0.0146,0.0147
1226.8,0.787395,0.0272,0.0143,0.0145
1228.0,0.788477,0.0269,0.014,0.0144
1229.21,0.791443,0.0266,0.0137,0.0142
1230.41,0.79297,0.0263,0.0135,0.0141
1231.62,0.794488,0.026,0.0133,0.0139
1232.82,0.795045,0.0258,0.0131,0.0138
1234.03,0.794394,0.0256,0.013,0.0136
1235.23,0.79649,0.0254,0.0129,0.0135
1236.44,0.7979,0.0254,0.0128,0.0134
1237.65,0.800387,0.0253,0.0128,0.0133
1238.85,0.803847,0.0253,0.0127,0.0132
1240.06,0.804266,0.0254,0.0127,0.0131
1241.26,0.80398,0.0254,0.0127,0.0131
1242.47,0.804799,0.0255,0.0127,0.013
1243.67,0.804356,0.0256,0.0127,0.013
1244.88,0.803919,0.0256,0.0127,0.0129
1246.08,0.807575,0.0257,0.0128,0.0129
1247.29,0.810877,0.0257,0.0128,0.0128
1248.49,0.812984,0.0258,0.0128,0.0128
1249.7,0.817534,0.026,0.0128,0.0128
1250.9,0.822395,0.0261,0.0129,0.0128
1252.11,0.826168,0.0264,0.0129,0.0128
1253.32,0.830972,0.0268,0.0129,0.0128
1254.52,0.840337,0.0274,0.0129,0.0128
1255.73,0.848211,0.0282,0.0129,0.0128
1256.93,0.854423,0.0291,0.0128,0.0128
1258.14,0.858762,0.0303,0.0128,0.0128
1259.34,0.867945,0.0316,0.0128,0.0129
1260.55,0.868431,0.0332,0.0128,0.0129
1261.75,0.862388,0.0349,0.0127,0.0129
1262.96,0.857283,0.0368,0.0127,0.0129
1264.16,0.848963,0.0388,0.0127,0.0129
1265.37,0.842139,0.0409,0.0126,0.013
1266.57,0.834861,0.0431,0.0126,0.013
1267.78,0.828768,0.0453,0.0126,0.013
1268.98,0.826526,0.0475,0.0126,0.013
1270.19,0.827845,0.0496,0.0125,0.013
1271.39,0.829528,0.0516,0.0125,0.013
1272.6,0.826928,0.0535,0.0125,0.0131
1273.81,0.824538,0.0552,0.0125,0.0131
1275.01,0.823223,0.0567,0.0125,0.0131
1276.22,0.826103,0.058,0.0125,0.0131
1277.42,0.825724,0.059,0.0125,0.0131
1278.63,0.824907,0.0598,0.0125,0.0131
1279.83,0.825959,0.0603,0.0126,0.0131
1281.04,0.82539,0.0606,0.0126,0.0131
1282.24,0.827592,0.0606,0.0126,0.0132
1283.45,0.8278,0.0604,0.0126,0.0132
1284.65,0.827013,0.0599,0.0126,0.0132
1285.86,0.829461,0.0592,0.0126,0.0132
1287.07,0.829403,0.0583,0.0126,0.0132
1288.27,0.827603,0.0573,0.0126,0.0133
1289.47,0.826579,0.0561,0.0126,0.0133
1290.68,0.828582,0.0549,0.0126,0.0133
1291.89,0.831426,0.0535,0.0125,0.0133
1293.09,0.833393,0.052,0.0125,0.0133
1294.3,0.834458,0.0505,0.0125,0.0133
1295.5,0.835901,0.049,0.0124,0.0133
1296.71,0.837694,0.0474,0.0124,0.0133
1297.91,0.83629,0.0458,0.0123,0.0133
1299.12,0.836344,0.0442,0.0123,0.0132
1300.32,0.83664,0.0425,0.0123,0.0132
1301.53,0.835974,0.0409,0.0123,0.0131
1302.73,0.836956,0.0393,0.0122,0.013
1303.94,0.838151,0.0377,0.0123,0.0129
1305.14,0.83701,0.0362,0.0123,0.0128
1306.35,0.839142,0.0346,0.0123,0.0127
1307.56,0.840301,0.0331,0.0124,0.0125
1308.76,0.836706,0.0316,0.0124,0.0124
1309.97,0.837572,0.0302,0.0125,0.0122
1311.17,0.840106,0.0289,0.0125,0.0121
1312.38,0.842322,0.0276,0.0126,0.0119
1313.58,0.838915,0.0264,0.0126,0.0117
1314.79,0.837303,0.0252,0.0126,0.0116
1315.99,0.843621,0.024,0.0126,0.0114
1317.2,0.842891,0.0229,0.0126,0.0112
1318.4,0.846465,0.0218,0.0127,0.011
1319.61,0.834955,0.0207,0.0129,0.0108
1320.81,0.834299,0.0196,0.0132,0.0106
1322.02,0.836541,0.0185,0.0136,0.0104
1323.22,0.836892,0.0175,0.014,0.0101
1324.43,0.837805,0.0164,0.0145,0.0098
1325.64,0.835744,0.0155,0.0149,0.0095
1326.84,0.835242,0.0146,0.0154,0.0091
1328.05,0.839227,0.0138,0.0163,0.0087
1329.25,0.84018,0.0131,0.0181,0.0083
1330.46,0.843507,0.0124,0.0206,0.0078
1331.66,0.852432,0.0116,0.0222,0.0072
1332.87,0.846765,0.0107,0.0207,0.0063
1334.07,0.838577,0.0097,0.0164,0.0052
1335.28,0.842075,0.0085,0.0112,0.0041
1336.48,0.84104,0.0072,0.0072,0.0035
1337.69,0.840852,0.0059,0.0048,0.0034
1338.89,0.847481,0.0047,0.0034,0.0036
1340.1,0.836056,0.0036,0.0025,0.0037
1341.31,0.817336,0.0027,0.002,0.0041
1342.51,0.830664,0.002,0.0015,0.0062
1343.72,0.831655,0.0014,0.0012,0.0208
1344.92,0.831207,0.0011,0.001,0.0234
1346.13,0.83203,0.0008,0.0008,0.0067
1347.33,0.829412,0.0006,0.0007,0.0028
1348.54,0.832939,0.0005,0.0006,0.0015
1349.74,0.831446,0.0004,0.0005,0.001
1350.95,0.829349,0.0004,0.0004,0.0008
1352.15,0.831618,0.0004,0.0004,0.0007
1353.36,0.835466,0.0003,0.0003,0.0006
1354.56,0.839112,0.0003,0.0003,0.0005
1355.77,0.829508,0.0003,0.0003,0.0004
1356.97,0.835129,0.0003,0.0004,0.0003
1358.18,0.834598,0.0002,0.0004,0.0003
1359.38,0.8398,0.0002,0.0004,0.0002
1360.59,0.860498,0.0002,0.0005,0.0002
1361.8,0.858372,0.0002,0.0005,0.0002
1363.0,0.861936,0.0002,0.0006,0.0001
1364.21,0.813777,0.0002,0.0006,0.0001
1365.41,0.834519,0.0002,0.0006,0.0001
1366.62,0.838225,0.0002,0.0006,0.0001
1367.82,0.852561,0.0002,0.0006,0.0001
1369.03,0.840272,0.0002,0.0005,0.0001
1370.23,0.833677,0.0002,0.0005,0.0001
1371.44,0.838535,0.0002,0.0004,0.0
1372.64,0.867726,0.0002,0.0003,0.0
1373.85,0.859748,0.0001,0.0003,0.0
1375.06,0.825681,0.0001,0.0002,0.0
1376.26,0.826941,0.0001,0.0001,0.0
1377.46,0.845556,0.0001,0.0001,0.0
1378.67,0.841081,0.0001,0.0001,0.0
1379.88,0.838813,0.0001,0.0,0.0
1381.08,0.838318,0.0001,0.0,0.0
1382.29,0.840766,0.0001,0.0,0.0
1383.49,0.840085,0.0001,0.0,0.0
1384.7,0.842141,0.0001,0.0,0.0
1385.9,0.871405,0.0001,0.0,0.0
1387.11,0.89003,0.0001,0.0,0.0
1388.31,0.803515,0.0001,0.0,0.0
1389.52,0.839585,0.0001,0.0,0.0
1390.72,0.845091,0.0001,0.0,0.0
1391.93,0.841759,0.0001,0.0,0.0
1393.13,0.887243,0.0001,0.0,0.0
1394.34,0.899967,0.0001,0.0,0.0
1395.55,0.82463,0.0001,0.0,0.0
1396.75,0.847766,0.0001,0.0,0.0
1397.96,0.895126,0.0001,0.0,0.0
1399.16,0.866385,0.0001,0.0,0.0
1400.37,0.818896,0.0001,0.0,0.0
1401.57,0.853177,0.0001,0.0,0.0
1402.78,0.855886,0.0001,0.0,0.0
1403.98,0.891861,0.0001,0.0,0.0
1405.19,0.860755,0.0001,0.0,0.0
1406.39,0.838234,0.0001,0.0,0.0
1407.6,0.855648,0.0001,0.0,0.0
1408.8,0.860321,0.0001,0.0,0.0
1410.01,0.855498,0.0001,0.0,0.0
1411.21,0.858035,0.0001,0.0,0.0
1412.42,0.8523,0.0001,0.0,0.0
1413.63,0.85265,0.0001,0.0,0.0
1414.83,0.865512,0.0001,0.0,0.0
1416.04,0.878895,0.0,0.0,0.0
1417.24,0.887733,0.0,0.0,0.0
1418.45,0.980499,0.0,0.0,0.0
1419.65,0.822663,0.0,0.0,0.0
1420.86,0.790387,0.0,0.0,0.0
1422.06,0.860413,0.0,0.0,0.0
1423.27,0.893914,0.0,0.0,0.0
1424.47,0.844055,0.0,0.0,0.0
1425.68,0.846114,0.0,0.0,0.0
1426.88,0.858256,0.0,0.0,0.0
1428.09,0.872527,0.0,0.0,0.0
1429.3,0.909069,0.0,0.0,0.0
1430.5,0.856462,0.0,0.0,0.0
1431.71,0.86867,0.0,0.0,0.0
1432.91,0.877266,0.0,0.0,0.0
1434.12,0.877853,0.0,0.0,0.0
1435.32,0.975126,0.0,0.0,0.0
1436.53,0.983381,0.0,0.0,0.0
1437.73,0.775127,0.0,0.0,0.0
1438.94,0.873839,0.0,0.0,0.0
1440.14,0.883761,0.0,0.0,0.0
1441.35,0.881595,0.0,0.0,0.0
1442.55,0.882789,0.0,0.0,0.0
1443.76,0.881518,0.0,0.0,0.0
1444.96,0.887056,0.0,0.0,0.0
1446.17,0.902633,0.0,0.0,0.0
1447.38,0.93929,0.0,0.0,0.0
1448.58,0.857929,0.0,0.0,0.0
1449.79,0.875761,0.0,0.0,0.0
1450.99,0.899031,0.0,0.0,0.0
1452.2,0.896513,0.0,0.0,0.0
1453.4,0.890881,0.0,0.0,0.0
1454.61,0.931728,0.0,0.0,0.0
1455.81,1.07486,0.0,0.0,0.0
1457.02,0.918616,0.0,0.0,0.0
1458.22,0.840246,0.0,0.0,0.0
1459.43,0.851902,0.0,0.0,0.0
1460.63,0.875565,0.0,0.0,0.0
1461.84,0.893702,0.0,0.0,0.0
1463.05,0.916353,0.0,0.0,0.0
1464.25,0.993654,0.0,0.0,0.0
1465.45,0.859824,0.0,0.0,0.0
1466.66,0.887768,0.0,0.0,0.0
1467.87,0.908767,0.0,0.0,0.0
1469.07,0.91517,0.0,0.0,0.0
1470.28,0.951286,0.0,0.0,0.0
1471.48,1.0359,0.0,0.0,0.0
1472.69,0.955229,0.0,0.0,0.0
1473.89,0.864843,0.0,0.0,0.0
1475.1,0.94019,0.0,0.0,0.0
1476.3,0.941876,0.0,0.0,0.0
1477.51,0.880541,0.0,0.0,0.0
1478.71,0.916525,0.0,0.0,0.0
1479.92,0.934429,0.0,0.0,0.0
1481.12,0.937147,0.0,0.0,0.0
1482.33,0.918344,0.0,0.0,0.0
1483.54,0.929872,0.0,0.0,0.0
1484.74,0.937532,0.0,0.0,0.0
1485.95,0.977344,0.0,0.0,0.0
1487.15,0.974596,0.0,0.0,0.0
1488.36,0.955672,0.0,0.0,0.0
1489.56,1.03072,0.0,0.0,0.0
1490.77,0.932721,0.0,0.0,0.0
1491.97,0.908893,0.0,0.0,0.0
1493.18,0.952217,0.0,0.0,0.0
1494.38,0.9792,0.0,0.0,0.0
1495.59,1.08329,0.0,0.0,0.0
1496.79,0.901102,0.0,0.0,0.0
1498.0,1.00182,0.0,0.0,0.0
1499.2,0.938658,0.0,0.0,0.0
1500.41,0.949751,0.0,0.0,0.0
1501.62,0.979298,0.0,0.0,0.0
1502.82,0.969962,0.0,0.0,0.0
1504.03,1.04162,0.0,0.0,0.0
1505.23,1.18819,0.0,0.0,0.0
1506.44,1.0914,0.0,0.0,0.0
1507.64,0.918197,0.0,0.0,0.0
1508.85,0.973255,0.0,0.0,0.0
1510.05,0.969962,0.0,0.0,0.0
1511.26,1.02896,0.0,0.0,0.0
1512.46,0.997756,0.0,0.0,0.0
1513.67,0.990803,0.0,0.0,0.0
1514.88,1.04789,0.0,0.0,0.0
1516.08,1.10274,0.0,0.0,0.0
1517.29,1.04238,0.0,0.0,0.0
1518.49,0.983738,0.0,0.0,0.0
1519.7,1.14586,0.0,0.0,0.0
1520.9,1.14558,0.0,0.0,0.0
1522.11,0.994941,0.0,0.0,0.0
1523.31,0.98648,0.0,0.0,0.0
1524.52,1.11295,0.0,0.0,0.0
1525.72,1.04622,0.0,0.0,0.0
1526.93,1.05832,0.0,0.0,0.0
1528.13,1.06597,0.0,0.0,0.0
1529.34,1.04052,0.0,0.0,0.0
1530.54,1.07986,0.0,0.0,0.0
1531.75,1.10982,0.0,0.0,0.0
1532.95,1.1884,0.0,0.0,0.0
1534.16,1.04463,0.0,0.0,0.0
1535.37,1.05987,0.0,0.0,0.0
1536.57,1.10573,0.0,0.0,0.0
1537.78,1.24352,0.0,0.0,0.0
1538.98,1.31556,0.0,0.0,0.0
1540.19,1.06993,0.0,0.0,0.0
1541.39,1.16896,0.0,0.0,0.0
1542.6,1.0844,0.0,0.0,0.0
1543.8,1.15334,0.0,0.0,0.0
1545.01,1.1808,0.0,0.0,0.0
1546.21,1.09335,0.0,0.0,0.0
1547.42,1.15612,0.0,0.0,0.0
1548.62,1.20115,0.0,0.0,0.0
1549.83,1.20864,0.0,0.0,0.0
1551.04,1.13905,0.0,0.0,0.0
1552.24,1.18019,0.0,0.0,0.0
1553.44,1.3005,0.0,0.0,0.0
1554.65,1.16872,0.0,0.0,0.0
1555.86,1.18792,0.0,0.0,0.0
1557.06,1.41847,0.0,0.0,0.0
1558.27,1.36017,0.0,0.0,0.0
1559.47,1.27762,0.0,0.0,0.0
1560.68,1.04782,0.0,0.0,0.0
1561.88,1.15969,0.0,0.0,0.0
1563.09,1.22814,0.0,0.0,0.0
1564.29,1.26824,0.0,0.0,0.0
1565.5,1.21365,0.0,0.0,0.0
1566.7,1.22947,0.0,0.0,0.0
1567.91,1.29704,0.0,0.0,0.0
1569.12,1.37431,0.0,0.0,0.0
1570.32,1.20316,0.0,0.0,0.0
1571.53,1.24956,0.0,0.0,0.0
1572.73,1.28205,0.0,0.0,0.0
1573.94,1.30439,0.0,0.0,0.0
1575.14,1.46444,0.0,0.0,0.0
1576.35,1.30397,0.0,0.0,0.0
1577.55,1.22325,0.0,0.0,0.0
1578.76,1.31055,0.0,0.0,0.0
1579.96,1.32091,0.0,0.0,0.0
1581.17,1.32251,0.0,0.0,0.0
1582.37,1.3241,0.0,0.0,0.0
1583.58,1.33237,0.0,0.0,0.0
1584.78,1.34099,0.0,0.0,0.0
1585.99,1.35053,0.0,0.0,0.0
1587.19,1.36073,0.0,0.0,0.0
1588.4,1.36699,0.0,0.0,0.0
1589.61,1.37492,0.0,0.0,0.0
1590.81,1.38125,0.0,0.0,0.0
1592.02,1.38467,0.0,0.0,0.0
1593.22,1.39522,0.0,0.0,0.0
1594.43,1.39872,0.0,0.0,0.0
1595.63,1.39638,0.0,0.0,0.0
1596.84,1.40392,0.0,0.0,0.0
1598.04,1.40893,0.0,0.0,0.0
1599.25,1.41424,0.0,0.0,0.0
1600.45,1.42749,0.0,0.0,0.0
1601.66,1.43589,0.0,0.0,0.0
1602.87,1.44797,0.0,0.0,0.0
1604.07,1.44701,0.0,0.0,0.0
1605.28,1.45891,0.0,0.0,0.0
1606.48,1.47269,0.0,0.0,0.0
1607.69,1.47241,0.0,0.0,0.0
1608.89,1.49535,0.0,0.0,0.0
1610.1,1.48853,0.0,0.0,0.0
1611.3,1.50029,0.0,0.0,0.0
1612.51,1.5086,0.0,0.0,0.0
1613.71,1.52058,0.0,0.0,0.0
1614.92,1.57127,0.0,0.0,0.0
1616.12,1.70855,0.0,0.0,0.0
1617.33,1.44315,0.0,0.0,0.0
1618.53,1.51754,0.0,0.0,0.0
1619.74,1.5633,0.0,0.0,0.0
1620.94,1.57854,0.0,0.0,0.0
1622.15,1.63909,0.0,0.0,0.0
1623.36,1.64441,0.0,0.0,0.0
1624.56,1.54341,0.0,0.0,0.0
1625.77,1.60765,0.0,0.0,0.0
1626.97,1.66895,0.0,0.0,0.0
1628.18,1.62406,0.0,0.0,0.0
1629.38,1.62457,0.0,0.0,0.0
1630.59,1.6516,0.0,0.0,0.0
1631.79,1.66383,0.0,0.0,0.0
1633.0,1.67971,0.0,0.0,0.0
1634.2,1.82427,0.0,0.0,0.0
1635.41,1.78482,0.0,0.0,0.0
1636.61,1.62041,0.0,0.0,0.0
1637.82,1.70075,0.0,0.0,0.0
1639.03,1.71285,0.0,0.0,0.0
1640.23,1.74166,0.0,0.0,0.0
1641.43,1.76012,0.0,0.0,0.0
1642.64,1.76779,0.0,0.0,0.0
1643.85,1.78921,0.0,0.0,0.0
1645.05,1.92101,0.0,0.0,0.0
1646.26,1.84615,0.0,0.0,0.0
1647.46,1.83625,0.0,0.0,0.0
1648.67,1.79686,0.0,0.0,0.0
1649.87,1.83519,0.0,0.0,0.0
1651.08,1.97103,0.0,0.0,0.0
1652.28,2.19468,0.0,0.0,0.0
1653.49,1.81833,0.0,0.0,0.0
1654.69,1.7926,0.0,0.0,0.0
1655.9,1.86604,0.0,0.0,0.0
1657.11,1.92314,0.0,0.0,0.0
1658.31,1.92821,0.0,0.0,0.0
1659.52,1.93333,0.0,0.0,0.0
1660.72,1.96347,0.0,0.0,0.0
1661.93,2.04448,0.0,0.0,0.0
1663.13,1.9711,0.0,0.0,0.0
1664.34,1.95987,0.0,0.0,0.0
1665.54,1.99287,0.0,0.0,0.0
1666.75,2.01778,0.0,0.0,0.0
1667.95,2.09799,0.0,0.0,0.0
1669.16,2.09814,0.0,0.0,0.0
1670.36,2.01291,0.0,0.0,0.0
1671.57,2.05868,0.0,0.0,0.0
1672.77,2.0334,0.0,0.0,0.0
1673.98,2.15349,0.0,0.0,0.0
1675.18,2.15779,0.0,0.0,0.0
1676.39,2.00089,0.0,0.0,0.0
1677.6,2.10266,0.0,0.0,0.0
1678.8,2.13646,0.0,0.0,0.0
1680.01,2.15004,0.0,0.0,0.0
1681.21,2.12462,0.0,0.0,0.0
1682.42,2.23428,0.0,0.0,0.0
1683.62,2.35001,0.0,0.0,0.0
1684.83,2.1525,0.0,0.0,0.0
1686.03,2.05506,0.0,0.0,0.0
1687.24,2.19953,0.0,0.0,0.0
1688.44,2.21225,0.0,0.0,0.0
1689.65,2.22201,0.0,0.0,0.0
1690.85,2.21228,0.0,0.0,0.0
1692.06,2.23303,0.0,0.0,0.0
1693.27,2.25707,0.0,0.0,0.0
1694.47,2.39028,0.0,0.0,0.0
1695.68,2.41204,0.0,0.0,0.0
1696.88,2.1811,0.0,0.0,0.0
1698.09,2.32418,0.0,0.0,0.0
1699.29,2.57049,0.0,0.0,0.0
1700.5,2.36353,0.0,0.0,0.0
1701.7,2.21168,0.0,0.0,0.0
1702.91,2.37037,0.0,0.0,0.0
1704.11,2.42985,0.0,0.0,0.0
1705.32,2.41708,0.0,0.0,0.0
1706.52,2.41855,0.0,0.0,0.0
1707.73,2.38966,0.0,0.0,0.0
1708.93,2.44406,0.0,0.0,0.0
1710.14,2.46233,0.0,0.0,0.0
1711.35,2.45644,0.0,0.0,0.0
1712.55,2.49593,0.0,0.0,0.0
1713.76,2.5555,0.0,0.0,0.0
1714.96,2.5391,0.0,0.0,0.0
1716.17,2.56676,0.0,0.0,0.0
1717.37,2.64569,0.0,0.0,0.0
1718.58,2.48801,0.0,0.0,0.0
1719.78,2.50778,0.0,0.0,0.0
1720.99,2.57423,0.0,0.0,0.0
1722.19,2.59535,0.0,0.0,0.0
1723.4,2.61236,0.0,0.0,0.0
1724.6,2.60752,0.0,0.0,0.0
1725.81,2.62841,0.0,0.0,0.0
1727.02,2.65209,0.0,0.0,0.0
1728.22,2.67181,0.0,0.0,0.0
1729.42,2.71839,0.0,0.0,0.0
1730.63,2.67959,0.0,0.0,0.0
1731.84,2.73689,0.0,0.0,0.0
1733.04,2.86968,0.0,0.0,0.0
1734.25,2.77638,0.0,0.0,0.0
1735.45,2.63987,0.0,0.0,0.0
1736.66,2.76131,0.0,0.0,0.0
1737.86,2.79359,0.0,0.0,0.0
1739.07,2.89084,0.0,0.0,0.0
1740.27,2.79567,0.0,0.0,0.0
1741.48,2.81755,0.0,0.0,0.0
1742.68,2.89638,0.0,0.0,0.0
1743.89,2.87929,0.0,0.0,0.0
1745.1,2.90055,0.0,0.0,0.0
1746.3,2.93922,0.0,0.0,0.0
1747.51,2.96668,0.0,0.0,0.0
1748.71,2.97748,0.0,0.0,0.0
1749.92,3.0104,0.0,0.0,0.0
1751.12,3.06069,0.0,0.0,0.0
1752.33,2.95118,0.0,0.0,0.0
1753.53,3.02801,0.0,0.0,0.0
1754.74,3.05637,0.0,0.0,0.0
1755.94,3.12085,0.0,0.0,0.0
1757.15,3.09062,0.0,0.0,0.0
1758.35,3.09736,0.0,0.0,0.0
1759.56,3.13245,0.0,0.0,0.0
1760.76,3.21689,0.0,0.0,0.0
1761.97,3.18684,0.0,0.0,0.0
1763.17,3.15145,0.0,0.0,0.0
1764.38,3.21214,0.0,0.0,0.0
1765.59,3.23101,0.0,0.0,0.0
1766.79,3.28897,0.0,0.0,0.0
1768.0,3.32408,0.0,0.0,0.0
1769.2,3.26416,0.0,0.0,0.0
1770.41,3.37434,0.0,0.0,0.0
1771.61,3.43991,0.0,0.0,0.0
1772.82,3.37319,0.0,0.0,0.0
1774.02,3.35604,0.0,0.0,0.0
1775.23,3.4573,0.0,0.0,0.0
1776.43,3.46761,0.0,0.0,0.0
1777.64,3.50792,0.0,0.0,0.0
1778.84,3.53675,0.0,0.0,0.0
1780.05,3.58312,0.0,0.0,0.0
1781.26,3.57002,0.0,0.0,0.0
1782.46,3.59191,0.0,0.0,0.0
1783.67,3.63812,0.0,0.0,0.0
1784.87,3.66252,0.0,0.0,0.0
1786.08,3.64649,0.0,0.0,0.0
1787.28,3.68485,0.0,0.0,0.0
1788.49,3.70892,0.0,0.0,0.0
1789.69,3.75277,0.0,0.0,0.0
1790.9,3.7913,0.0,0.0,0.0
1792.1,3.84895,0.0,0.0,0.0
1793.31,3.76597,0.0,0.0,0.0
1794.51,3.82834,0.0,0.0,0.0
1795.72,3.87415,0.0,0.0,0.0
1796.92,3.88256,0.0,0.0,0.0
1798.13,3.92258,0.0,0.0,0.0
1799.34,3.96529,0.0,0.0,0.0
1800.54,3.97048,0.0,0.0,0.0
1801.75,4.01898,0.0,0.0,0.0
1802.95,4.03048,0.0,0.0,0.0
1804.16,4.07371,0.0,0.0,0.0
1805.36,4.11037,0.0,0.0,0.0
1806.57,4.15566,0.0,0.0,0.0
1807.77,4.19886,0.0,0.0,0.0
1808.98,4.23926,0.0,0.0,0.0
1810.18,4.31126,0.0,0.0,0.0
1811.39,4.33599,0.0,0.0,0.0
1812.59,4.39614,0.0,0.0,0.0
1813.8,4.46739,0.0,0.0,0.0
1815.01,4.55359,0.0,0.0,0.0
1816.21,4.67918,0.0,0.0,0.0
1817.41,4.80137,0.0,0.0,0.0
1818.62,4.86653,0.0,0.0,0.0
1819.83,4.92233,0.0,0.0,0.0
1821.03,4.96331,0.0,0.0,0.0
1822.24,4.9921,0.0,0.0,0.0
1823.44,5.02446,0.0,0.0,0.0
1824.65,5.09583,0.0,0.0,0.0
1825.85,5.07617,0.0,0.0,0.0
1827.06,5.12161,0.0,0.0,0.0
1828.26,5.18306,0.0,0.0,0.0
1829.47,5.25654,0.0,0.0,0.0
1830.67,5.22222,0.0,0.0,0.0
1831.88,5.27646,0.0,0.0,0.0
1833.09,5.3289,0.0,0.0,0.0
1834.29,5.36774,0.0,0.0,0.0
1835.5,5.42343,0.0,0.0,0.0
1836.7,5.47731,0.0,0.0,0.0
1837.91,5.51236,0.0,0.0,0.0
1839.11,5.56026,0.0,0.0,0.0
1840.32,5.60238,0.0,0.0,0.0
1841.52,5.6433,0.0,0.0,0.0
1842.73,5.70538,0.0,0.0,0.0
1843.93,5.79265,0.0,0.0,0.0
1845.14,5.71634,0.0,0.0,0.0
1846.34,5.8077,0.0,0.0,0.0
1847.55,5.86103,0.0,0.0,0.0
1848.75,5.89729,0.0,0.0,0.0
1849.96,5.94606,0.0,0.0,0.0
1851.16,5.9837,0.0,0.0,0.0
1852.37,6.03082,0.0,0.0,0.0
1853.58,6.07577,0.0,0.0,0.0
1854.78,6.11159,0.0,0.0,0.0
1855.99,6.15011,0.0,0.0,0.0
1857.19,6.19054,0.0,0.0,0.0
1858.4,6.23038,0.0,0.0,0.0
1859.6,6.26382,0.0,0.0,0.0
1860.81,6.29945,0.0,0.0,0.0
1862.01,6.33851,0.0,0.0,0.0
1863.22,6.38567,0.0,0.0,0.0
1864.42,6.42327,0.0,0.0,0.0
1865.63,6.46548,0.0,0.0,0.0
1866.83,6.5103,0.0,0.0,0.0
1868.04,6.56092,0.0,0.0,0.0
1869.24,6.59436,0.0,0.0,0.0
1870.45,6.59335,0.0,0.0,0.0
1871.66,6.65123,0.0,0.0,0.0
1872.86,6.69201,0.0,0.0,0.0
1874.07,6.73538,0.0,0.0,0.0
1875.27,6.78152,0.0,0.0,0.0
1876.48,6.82476,0.0,0.0,0.0
1877.68,6.86939,0.0,0.0,0.0
1878.89,6.91061,0.0,0.0,0.0
1880.09,6.95239,0.0,0.0,0.0
1881.3,6.99945,0.0,0.0,0.0
1882.5,7.03499,0.0,0.0,0.0
1883.71,7.08266,0.0,0.0,0.0
1884.91,7.13248,0.0,0.0,0.0
1886.12,7.17825,0.0,0.0,0.0
1887.33,7.21948,0.0,0.0,0.0
1888.53,7.28104,0.0,0.0,0.0
1889.74,7.32433,0.0,0.0,0.0
1890.94,7.35158,0.0,0.0,0.0
1892.15,7.40255,0.0,0.0,0.0
1893.35,7.44893,0.0,0.0,0.0
1894.56,7.50374,0.0,0.0,0.0
1895.76,7.54088,0.0,0.0,0.0
1896.97,7.58816,0.0,0.0,0.0
1898.17,7.63244,0.0,0.0,0.0
1899.38,7.6914,0.0,0.0,0.0
1900.58,7.74532,0.0,0.0,0.0
1901.79,7.79548,0.0,0.0,0.0
1902.99,7.84,0.0,0.0,0.0
1904.2,7.88127,0.0,0.0,0.0
1905.4,7.92916,0.0,0.0,0.0
1906.61,7.97951,0.0,0.0,0.0
1907.82,8.03174,0.0,0.0,0.0
1909.02,8.0934,0.0,0.0,0.0
1910.23,8.14007,0.0,0.0,0.0
1911.43,8.17781,0.0,0.0,0.0
1912.64,8.23895,0.0,0.0,0.0
1913.84,8.29763,0.0,0.0,0.0
1915.05,8.34111,0.0,0.0,0.0
1916.25,8.39347,0.0,0.0,0.0
1917.46,8.48054,0.0,0.0,0.0
1918.66,8.49099,0.0,0.0,0.0
1919.87,8.54462,0.0,0.0,0.0
1921.08,8.60318,0.0,0.0,0.0
1922.28,8.68803,0.0,0.0,0.0
1923.49,8.75803,0.0,0.0,0.0
1924.69,8.83707,0.0,0.0,0.0
1925.9,8.92368,0.0,0.0,0.0
1927.1,9.00345,0.0,0.0,0.0
1928.31,9.08253,0.0,0.0,0.0
1929.51,9.17324,0.0,0.0,0.0
1930.72,9.25757,0.0,0.0,0.0
1931.92,9.34948,0.0,0.0,0.0
1933.13,9.44481,0.0,0.0,0.0
1934.33,9.51475,0.0,0.0,0.0
1935.54,9.59082,0.0,0.0,0.0
1936.74,9.67922,0.0,0.0,0.0
1937.95,9.76727,0.0,0.0,0.0
1939.15,9.8658,0.0,0.0,0.0
1940.36,9.95218,0.0,0.0,0.0
1941.57,10.0397,0.0,0.0,0.0
1942.77,10.1066,0.0,0.0,0.0
1943.98,10.1921,0.0,0.0,0.0
1945.18,10.2916,0.0,0.0,0.0
1946.39,10.3781,0.0,0.0,0.0
1947.59,10.4663,0.0,0.0,0.0
1948.8,10.5496,0.0,0.0,0.0
1950.0,10.6448,0.0,0.0,0.0
1951.21,10.751,0.0,0.0,0.0
1952.41,10.8497,0.0,0.0,0.0
1953.62,10.9277,0.0,0.0,0.0
1954.82,11.0296,0.0,0.0,0.0
1956.03,11.1606,0.0,0.0,0.0
1957.23,11.2982,0.0,0.0,0.0
1958.44,11.4478,0.0,0.0,0.0
1959.65,11.6142,0.0,0.0,0.0
1960.85,11.7415,0.0,0.0,0.0
1962.06,11.8385,0.0,0.0,0.0
1963.26,11.943,0.0,0.0,0.0
1964.47,12.0331,0.0,0.0,0.0
1965.67,12.0912,0.0,0.0,0.0
1966.88,12.1794,0.0,0.0,0.0
1968.08,12.2626,0.0,0.0,0.0
1969.29,12.3531,0.0,0.0,0.0
1970.49,12.4518,0.0,0.0,0.0
1971.7,12.5426,0.0,0.0,0.0
1972.9,12.6259,0.0,0.0,0.0
1974.11,12.7031,0.0,0.0,0.0
1975.32,12.787,0.0,0.0,0.0
1976.52,12.8675,0.0,0.0,0.0
1977.73,12.8678,0.0,0.0,0.0
1978.93,12.6578,0.0,0.0,0.0
1980.14,12.4097,0.0,0.0,0.0
1981.34,12.2453,0.0,0.0,0.0
1982.55,12.1197,0.0,0.0,0.0
1983.75,12.0311,0.0,0.0,0.0
1984.96,11.9856,0.0,0.0,0.0
1986.16,11.932,0.0,0.0,0.0
1987.37,11.8936,0.0,0.0,0.0
1988.57,11.8599,0.0,0.0,0.0
1989.78,11.8277,0.0,0.0,0.0
1990.98,11.8188,0.0,0.0,0.0
1992.19,11.8015,0.0,0.0,0.0
1993.39,11.7964,0.0,0.0,0.0
1994.6,11.7966,0.0,0.0,0.0
1995.81,11.7936,0.0,0.0,0.0
1997.01,11.8136,0.0,0.0,0.0
1998.22,11.8556,0.0,0.0,0.0
1999.42,11.9045,0.0,0.0,0.0
2000.63,11.9695,0.0,0.0,0.0
2001.83,12.0599,0.0,0.0,0.0
2003.04,12.154,0.0,0.0,0.0
2004.24,12.3005,0.0,0.0,0.0
2005.45,12.4574,0.0,0.0,0.0
2006.65,12.6054,0.0,0.0,0.0
2007.86,12.6489,0.0,0.0,0.0
2009.07,12.6227,0.0,0.0,0.0
2010.27,12.624,0.0,0.0,0.0
2011.48,12.6428,0.0,0.0,0.0
2012.68,12.6482,0.0,0.0,0.0
2013.89,12.6693,0.0,0.0,0.0
2015.09,12.7096,0.0,0.0,0.0
2016.3,12.7437,0.0,0.0,0.0
2017.5,12.7722,0.0,0.0,0.0
2018.71,12.779,0.0,0.0,0.0
2019.91,12.7983,0.0,0.0,0.0
2021.12,12.8219,0.0,0.0,0.0
2022.32,12.8542,0.0,0.0,0.0
2023.53,12.8808,0.0,0.0,0.0
2024.73,12.8796,0.0,0.0,0.0
2025.94,12.8846,0.0,0.0,0.0
2027.14,12.8984,0.0,0.0,0.0
2028.35,12.8924,0.0,0.0,0.0
2029.56,12.8945,0.0,0.0,0.0
2030.76,12.9162,0.0,0.0,0.0
2031.97,12.9199,0.0,0.0,0.0
2033.17,12.8972,0.0,0.0,0.0
2034.38,12.8346,0.0,0.0,0.0
2035.58,12.7215,0.0,0.0,0.0
2036.79,12.5994,0.0,0.0,0.0
2037.99,12.4616,0.0,0.0,0.0
2039.2,12.3593,0.0,0.0,0.0
2040.4,12.2761,0.0,0.0,0.0
2041.61,12.1949,0.0,0.0,0.0
2042.81,12.0871,0.0,0.0,0.0
2044.02,11.995,0.0,0.0,0.0
2045.22,11.9358,0.0,0.0,0.0
2046.43,11.8766,0.0,0.0,0.0
2047.64,11.7744,0.0,0.0,0.0
2048.84,11.642,0.0,0.0,0.0
2050.05,11.3982,0.0,0.0,0.0
2051.25,11.0597,0.0,0.0,0.0
2052.46,10.9314,0.0,0.0,0.0
2053.66,10.9163,0.0,0.0,0.0
2054.87,10.8222,0.0,0.0,0.0
2056.07,10.722,0.0,0.0,0.0
2057.28,10.6602,0.0,0.0,0.0
2058.48,10.6148,0.0,0.0,0.0
2059.69,10.5693,0.0,0.0,0.0
2060.89,10.5145,0.0,0.0,0.0
2062.1,10.4666,0.0,0.0,0.0
2063.3,10.4177,0.0,0.0,0.0
2064.51,10.3759,0.0,0.0,0.0
2065.72,10.32,0.0,0.0,0.0
2066.92,10.2598,0.0,0.0,0.0
2068.13,10.2167,0.0,0.0,0.0
2069.33,10.1654,0.0,0.0,0.0
2070.54,10.1209,0.0,0.0,0.0
2071.74,10.0693,0.0,0.0,0.0
2072.95,10.0076,0.0,0.0,0.0
2074.15,9.93581,0.0,0.0,0.0
2075.36,9.87438,0.0,0.0,0.0
2076.56,9.8202,0.0,0.0,0.0
2077.77,9.7531,0.0,0.0,0.0
2078.97,9.68435,0.0,0.0,0.0
2080.18,9.63321,0.0,0.0,0.0
2081.39,9.58164,0.0,0.0,0.0
2082.59,9.51811,0.0,0.0,0.0
2083.8,9.47784,0.0,0.0,0.0
2085.0,9.43483,0.0,0.0,0.0
2086.21,9.4035,0.0,0.0,0.0
2087.41,9.38195,0.0,0.0,0.0
2088.62,9.34902,0.0,0.0,0.0
2089.82,9.34935,0.0,0.0,0.0
2091.03,9.35761,0.0,0.0,0.0
2092.23,9.3821,0.0,0.0,0.0
2093.44,9.44134,0.0,0.0,0.0
2094.64,9.5058,0.0,0.0,0.0
2095.85,9.51356,0.0,0.0,0.0
2097.05,9.4834,0.0,0.0,0.0
2098.26,9.45059,0.0,0.0,0.0
2099.47,9.4258,0.0,0.0,0.0
2100.67,9.40125,0.0,0.0,0.0
2101.88,9.37973,0.0,0.0,0.0
2103.08,9.35552,0.0,0.0,0.0
2104.29,9.33437,0.0,0.0,0.0
2105.49,9.31645,0.0,0.0,0.0
2106.7,9.30169,0.0,0.0,0.0
2107.9,9.27936,0.0,0.0,0.0
2109.11,9.25433,0.0,0.0,0.0
2110.31,9.24716,0.0,0.0,0.0
2111.52,9.22439,0.0,0.0,0.0
2112.72,9.17665,0.0,0.0,0.0
2113.93,9.15242,0.0,0.0,0.0
2115.14,9.13825,0.0,0.0,0.0
2116.34,9.14296,0.0,0.0,0.0
2117.55,9.17419,0.0,0.0,0.0
2118.75,9.19481,0.0,0.0,0.0
2119.96,9.21342,0.0,0.0,0.0
2121.16,9.26676,0.0,0.0,0.0
2122.37,9.33323,0.0,0.0,0.0
2123.57,9.38532,0.0,0.0,0.0
2124.78,9.44813,0.0,0.0,0.0
2125.98,9.53217,0.0,0.0,0.0
2127.19,9.63657,0.0,0.0,0.0
2128.39,9.75185,0.0,0.0,0.0
2129.6,9.8868,0.0,0.0,0.0
2130.8,10.0396,0.0,0.0,0.0
2132.01,10.2187,0.0,0.0,0.0
2133.22,10.4165,0.0,0.0,0.0
2134.42,10.6112,0.0,0.0,0.0
2135.63,10.7465,0.0,0.0,0.0
2136.83,10.8489,0.0,0.0,0.0
2138.04,10.9525,0.0,0.0,0.0
2139.24,11.0457,0.0,0.0,0.0
2140.45,11.1603,0.0,0.0,0.0
2141.65,11.2848,0.0,0.0,0.0
2142.86,11.3994,0.0,0.0,0.0
2144.06,11.5178,0.0,0.0,0.0
2145.27,11.6438,0.0,0.0,0.0
2146.47,11.7791,0.0,0.0,0.0
2147.68,11.8936,0.0,0.0,0.0
2148.89,11.9919,0.0,0.0,0.0
2150.09,12.1133,0.0,0.0,0.0
2151.3,12.2493,0.0,0.0,0.0
2152.5,12.3959,0.0,0.0,0.0
2153.71,12.5647,0.0,0.0,0.0
2154.91,12.7793,0.0,0.0,0.0
2156.12,13.0668,0.0,0.0,0.0
2157.32,13.3786,0.0,0.0,0.0
2158.53,13.5942,0.0,0.0,0.0
2159.73,13.4796,0.0,0.0,0.0
2160.94,13.251,0.0,0.0,0.0
2162.14,13.0585,0.0,0.0,0.0
2163.35,12.8842,0.0,0.0,0.0
2164.55,12.7536,0.0,0.0,0.0
2165.76,12.6116,0.0,0.0,0.0
2166.97,12.4457,0.0,0.0,0.0
2168.17,12.3248,0.0,0.0,0.0
2169.38,12.2383,0.0,0.0,0.0
2170.58,12.1779,0.0,0.0,0.0
2171.79,12.1331,0.0,0.0,0.0
2172.99,12.107,0.0,0.0,0.0
2174.2,12.1304,0.0,0.0,0.0
2175.4,12.1379,0.0,0.0,0.0
2176.61,12.0914,0.0,0.0,0.0
2177.81,12.0573,0.0,0.0,0.0
2179.02,12.0396,0.0,0.0,0.0
2180.22,12.022,0.0,0.0,0.0
2181.43,12.015,0.0,0.0,0.0
2182.63,11.9618,0.0,0.0,0.0
2183.84,11.8898,0.0,0.0,0.0
2185.05,11.8076,0.0,0.0,0.0
2186.25,11.7342,0.0,0.0,0.0
2187.46,11.6742,0.0,0.0,0.0
2188.66,11.6126,0.0,0.0,0.0
2189.87,11.5361,0.0,0.0,0.0
2191.07,11.4636,0.0,0.0,0.0
2192.28,11.4021,0.0,0.0,0.0
2193.48,11.363,0.0,0.0,0.0
2194.69,11.3157,0.0,0.0,0.0
2195.89,11.2496,0.0,0.0,0.0
2197.1,11.2014,0.0,0.0,0.0
2198.3,11.1476,0.0,0.0,0.0
2199.51,11.091,0.0,0.0,0.0
2200.71,11.057,0.0,0.0,0.0
2201.92,11.0236,0.0,0.0,0.0
2203.12,10.9654,0.0,0.0,0.0
2204.33,10.9276,0.0,0.0,0.0
2205.54,10.894,0.0,0.0,0.0
2206.74,10.8585,0.0,0.0,0.0
2207.95,10.8106,0.0,0.0,0.0
2209.15,10.763,0.0,0.0,0.0
2210.36,10.7168,0.0,0.0,0.0
2211.56,10.677,0.0,0.0,0.0
2212.77,10.6552,0.0,0.0,0.0
2213.97,10.6052,0.0,0.0,0.0
2215.18,10.5427,0.0,0.0,0.0
2216.38,10.5058,0.0,0.0,0.0
2217.59,10.457,0.0,0.0,0.0
2218.79,10.4096,0.0,0.0,0.0
2220.0,10.3634,0.0,0.0,0.0
2221.2,10.3236,0.0,0.0,0.0
2222.41,10.2852,0.0,0.0,0.0
2223.62,10.2318,0.0,0.0,0.0
2224.82,10.179,0.0,0.0,0.0
2226.03,10.1377,0.0,0.0,0.0
2227.23,10.0996,0.0,0.0,0.0
2228.44,10.0402,0.0,0.0,0.0
2229.64,9.9829,0.0,0.0,0.0
2230.85,9.92477,0.0,0.0,0.0
2232.05,9.86742,0.0,0.0,0.0
2233.26,9.81286,0.0,0.0,0.0
2234.46,9.75949,0.0,0.0,0.0
2235.67,9.70726,0.0,0.0,0.0
2236.88,9.65341,0.0,0.0,0.0
2238.08,9.5926,0.0,0.0,0.0
2239.28,9.53513,0.0,0.0,0.0
2240.49,9.46933,0.0,0.0,0.0
2241.7,9.42966,0.0,0.0,0.0
2242.9,9.37173,0.0,0.0,0.0
2244.11,9.32497,0.0,0.0,0.0
2245.31,9.28382,0.0,0.0,0.0
2246.52,9.22772,0.0,0.0,0.0
2247.72,9.17229,0.0,0.0,0.0
2248.93,9.12139,0.0,0.0,0.0
2250.13,9.07347,0.0,0.0,0.0
2251.34,9.0409,0.0,0.0,0.0
2252.54,9.00586,0.0,0.0,0.0
2253.75,8.9591,0.0,0.0,0.0
2254.95,8.90737,0.0,0.0,0.0
2256.16,8.82828,0.0,0.0,0.0
2257.36,8.76488,0.0,0.0,0.0
2258.57,8.70718,0.0,0.0,0.0
2259.78,8.6276,0.0,0.0,0.0
2260.98,8.57335,0.0,0.0,0.0
2262.19,8.52058,0.0,0.0,0.0
2263.39,8.46666,0.0,0.0,0.0
2264.6,8.4255,0.0,0.0,0.0
2265.8,8.36809,0.0,0.0,0.0
2267.01,8.29616,0.0,0.0,0.0
2268.21,8.23522,0.0,0.0,0.0
2269.42,8.15468,0.0,0.0,0.0
2270.62,8.07734,0.0,0.0,0.0
2271.83,8.00559,0.0,0.0,0.0
2273.03,7.93286,0.0,0.0,0.0
2274.24,7.8634,0.0,0.0,0.0
2275.45,7.77401,0.0,0.0,0.0
2276.65,7.68737,0.0,0.0,0.0
2277.86,7.60767,0.0,0.0,0.0
2279.06,7.50451,0.0,0.0,0.0
2280.27,7.41566,0.0,0.0,0.0
2281.47,7.32311,0.0,0.0,0.0
2282.68,7.21327,0.0,0.0,0.0
2283.88,7.10185,0.0,0.0,0.0
2285.09,6.97321,0.0,0.0,0.0
2286.29,6.85035,0.0,0.0,0.0
2287.5,6.74881,0.0,0.0,0.0
2288.7,6.63827,0.0,0.0,0.0
2289.91,6.53486,0.0,0.0,0.0
2291.11,6.44929,0.0,0.0,0.0
2292.32,6.35183,0.0,0.0,0.0
2293.53,6.26372,0.0,0.0,0.0
2294.73,6.17707,0.0,0.0,0.0
2295.94,6.09934,0.0,0.0,0.0
2297.14,6.03614,0.0,0.0,0.0
2298.35,5.96542,0.0,0.0,0.0
2299.55,5.90462,0.0,0.0,0.0
2300.76,5.83702,0.0,0.0,0.0
2301.96,5.76331,0.0,0.0,0.0
2303.17,5.69381,0.0,0.0,0.0
2304.37,5.63008,0.0,0.0,0.0
2305.58,5.55319,0.0,0.0,0.0
2306.78,5.51564,0.0,0.0,0.0
2307.99,5.43675,0.0,0.0,0.0
2309.2,5.36649,0.0,0.0,0.0
2310.4,5.323,0.0,0.0,0.0
2311.61,5.21557,0.0,0.0,0.0
2312.81,5.17179,0.0,0.0,0.0
2314.02,5.07881,0.0,0.0,0.0
2315.22,4.99427,0.0,0.0,0.0
2316.43,4.9369,0.0,0.0,0.0
2317.63,4.81983,0.0,0.0,0.0
2318.84,4.75357,0.0,0.0,0.0
2320.04,4.64058,0.0,0.0,0.0
2321.25,4.51722,0.0,0.0,0.0
2322.45,4.39463,0.0,0.0,0.0
2323.66,4.17327,0.0,0.0,0.0
2324.86,4.00739,0.0,0.0,0.0
2326.07,3.91961,0.0,0.0,0.0
2327.28,3.89053,0.0,0.0,0.0
2328.48,3.90099,0.0,0.0,0.0
2329.69,3.87969,0.0,0.0,0.0
2330.89,3.88015,0.0,0.0,0.0
2332.1,3.88592,0.0,0.0,0.0
2333.3,3.87195,0.0,0.0,0.0
2334.51,3.88395,0.0,0.0,0.0
2335.71,3.87804,0.0,0.0,0.0
2336.92,3.86937,0.0,0.0,0.0
2338.12,3.88295,0.0,0.0,0.0
2339.33,3.88415,0.0,0.0,0.0
2340.53,3.89724,0.0,0.0,0.0
2341.74,3.89815,0.0,0.0,0.0
2342.95,3.88865,0.0,0.0,0.0
2344.15,3.90563,0.0,0.0,0.0
2345.36,3.9073,0.0,0.0,0.0
2346.56,3.90093,0.0,0.0,0.0
2347.77,3.88393,0.0,0.0,0.0
2348.97,3.88693,0.0,0.0,0.0
2350.18,3.93139,0.0,0.0,0.0
2351.38,3.95364,0.0,0.0,0.0
2352.59,3.9532,0.0,0.0,0.0
2353.79,3.96952,0.0,0.0,0.0
2355.0,3.96398,0.0,0.0,0.0
2356.2,3.96947,0.0,0.0,0.0
2357.41,3.98466,0.0,0.0,0.0
2358.61,3.98835,0.0,0.0,0.0
2359.82,3.99782,0.0,0.0,0.0
2361.03,4.02545,0.0,0.0,0.0
2362.23,4.05043,0.0,0.0,0.0
2363.44,4.08605,0.0,0.0,0.0
2364.64,4.11135,0.0,0.0,0.0
2365.85,4.15373,0.0,0.0,0.0
2367.05,4.20446,0.0,0.0,0.0
2368.26,4.24827,0.0,0.0,0.0
2369.46,4.2885,0.0,0.0,0.0
2370.67,4.32052,0.0,0.0,0.0
2371.87,4.35464,0.0,0.0,0.0
2373.08,4.39134,0.0,0.0,0.0
2374.28,4.4232,0.0,0.0,0.0
2375.49,4.45282,0.0,0.0,0.0
2376.69,4.48296,0.0,0.0,0.0
2377.9,4.51441,0.0,0.0,0.0
2379.11,4.54928,0.0,0.0,0.0
2380.31,4.56692,0.0,0.0,0.0
2381.52,4.59044,0.0,0.0,0.0
2382.72,4.61989,0.0,0.0,0.0
2383.93,4.64281,0.0,0.0,0.0
2385.13,4.67444,0.0,0.0,0.0
2386.34,4.70496,0.0,0.0,0.0
2387.54,4.73306,0.0,0.0,0.0
2388.75,4.75688,0.0,0.0,0.0
2389.95,4.77664,0.0,0.0,0.0
2391.16,4.80482,0.0,0.0,0.0
2392.36,4.83431,0.0,0.0,0.0
2393.57,4.85562,0.0,0.0,0.0
2394.77,4.88438,0.0,0.0,0.0
2395.98,4.91246,0.0,0.0,0.0
2397.18,4.94174,0.0,0.0,0.0
2398.39,4.96577,0.0,0.0,0.0
2399.6,4.98771,0.0,0.0,0.0
2400.8,5.0187,0.0,0.0,0.0
2402.01,5.04494,0.0,0.0,0.0
2403.21,5.06819,0.0,0.0,0.0
2404.42,5.10236,0.0,0.0,0.0
2405.62,5.13608,0.0,0.0,0.0
2406.83,5.15139,0.0,0.0,0.0
2408.03,5.1655,0.0,0.0,0.0
2409.24,5.17854,0.0,0.0,0.0
2410.44,5.18359,0.0,0.0,0.0
2411.65,5.19314,0.0,0.0,0.0
2412.86,5.19735,0.0,0.0,0.0
2414.06,5.21366,0.0,0.0,0.0
2415.26,5.23418,0.0,0.0,0.0
2416.47,5.24823,0.0,0.0,0.0
2417.68,5.25837,0.0,0.0,0.0
2418.88,5.26085,0.0,0.0,0.0
2420.09,5.28096,0.0,0.0,0.0
2421.29,5.29954,0.0,0.0,0.0
2422.5,5.30849,0.0,0.0,0.0
2423.7,5.32544,0.0,0.0,0.0
2424.91,5.33119,0.0,0.0,0.0
2426.11,5.33136,0.0,0.0,0.0
2427.32,5.35064,0.0,0.0,0.0
2428.52,5.36789,0.0,0.0,0.0
2429.73,5.37436,0.0,0.0,0.0
2430.93,5.3776,0.0,0.0,0.0
2432.14,5.37818,0.0,0.0,0.0
2433.34,5.38572,0.0,0.0,0.0
2434.55,5.38543,0.0,0.0,0.0
2435.76,5.3906,0.0,0.0,0.0
2436.96,5.39402,0.0,0.0,0.0
2438.17,5.39291,0.0,0.0,0.0
2439.37,5.39942,0.0,0.0,0.0
2440.58,5.40593,0.0,0.0,0.0
2441.78,5.40071,0.0,0.0,0.0
2442.99,5.39937,0.0,0.0,0.0
2444.19,5.39502,0.0,0.0,0.0
2445.4,5.38478,0.0,0.0,0.0
2446.6,5.38076,0.0,0.0,0.0
2447.81,5.37402,0.0,0.0,0.0
2449.01,5.36913,0.0,0.0,0.0
2450.22,5.36731,0.0,0.0,0.0
2451.43,5.35693,0.0,0.0,0.0
2452.63,5.34193,0.0,0.0,0.0
2453.84,5.32577,0.0,0.0,0.0
2455.04,5.30772,0.0,0.0,0.0
2456.25,5.30143,0.0,0.0,0.0
2457.45,5.29439,0.0,0.0,0.0
2458.66,5.28487,0.0,0.0,0.0
2459.86,5.27539,0.0,0.0,0.0
2461.07,5.26621,0.0,0.0,0.0
2462.27,5.2704,0.0,0.0,0.0
2463.48,5.27277,0.0,0.0,0.0
2464.68,5.27454,0.0,0.0,0.0
2465.89,5.27238,0.0,0.0,0.0
2467.09,5.2616,0.0,0.0,0.0
2468.3,5.26368,0.0,0.0,0.0
2469.51,5.26446,0.0,0.0,0.0
2470.71,5.26749,0.0,0.0,0.0
2471.92,5.26737,0.0,0.0,0.0
2473.12,5.26054,0.0,0.0,0.0
2474.33,5.25738,0.0,0.0,0.0
2475.53,5.26142,0.0,0.0,0.0
2476.74,5.2598,0.0,0.0,0.0
2477.94,5.25591,0.0,0.0,0.0
2479.15,5.26276,0.0,0.0,0.0
2480.35,5.26335,0.0,0.0,0.0
2481.56,5.2581,0.0,0.0,0.0
2482.76,5.26213,0.0,0.0,0.0
2483.97,5.25372,0.0,0.0,0.0
2485.18,5.25148,0.0,0.0,0.0
2486.38,5.2547,0.0,0.0,0.0
2487.59,5.24615,0.0,0.0,0.0
2488.79,5.24175,0.0,0.0,0.0
2490.0,5.2404,0.0,0.0,0.0
2491.2,5.23058,0.0,0.0,0.0
2492.41,5.22239,0.0,0.0,0.0
2493.61,5.21786,0.0,0.0,0.0
2494.82,5.21156,0.0,0.0,0.0
2496.02,5.20875,0.0,0.0,0.0
2497.23,5.21226,0.0,0.0,0.0
2498.43,5.20665,0.0,0.0,0.0
2499.64,5.19705,0.0,0.0,0.0
2500.84,5.1857,0.0,0.0,0.0
2502.05,5.18944,0.0,0.0,0.0
2503.26,5.1934,0.0,0.0,0.0
2504.46,5.18961,0.0,0.0,0.0
2505.67,5.1847,0.0,0.0,0.0
2506.87,5.17963,0.0,0.0,0.0
2508.08,5.16494,0.0,0.0,0.0
2509.28,5.1605,0.0,0.0,0.0
2510.49,5.16581,0.0,0.0,0.0
2511.69,5.16107,0.0,0.0,0.0
2512.9,5.15583,0.0,0.0,0.0
2514.1,5.1602,0.0,0.0,0.0
2515.31,5.1519,0.0,0.0,0.0
2516.51,5.14685,0.0,0.0,0.0
2517.72,5.14356,0.0,0.0,0.0
2518.93,5.13116,0.0,0.0,0.0
2520.13,5.12432,0.0,0.0,0.0
2521.34,5.12705,0.0,0.0,0.0
2522.54,5.12431,0.0,0.0,0.0
2523.75,5.11764,0.0,0.0,0.0
2524.95,5.10892,0.0,0.0,0.0
2526.16,5.09755,0.0,0.0,0.0
2527.36,5.09342,0.0,0.0,0.0
2528.57,5.07769,0.0,0.0,0.0
2529.77,5.06787,0.0,0.0,0.0
2530.98,5.06065,0.0,0.0,0.0
2532.18,5.03923,0.0,0.0,0.0
2533.39,5.03808,0.0,0.0,0.0
2534.59,5.02785,0.0,0.0,0.0
2535.8,5.01278,0.0,0.0,0.0
2537.01,5.00981,0.0,0.0,0.0
2538.21,5.00837,0.0,0.0,0.0
2539.42,4.99013,0.0,0.0,0.0
2540.62,4.97077,0.0,0.0,0.0
2541.83,4.96258,0.0,0.0,0.0
2543.03,4.94559,0.0,0.0,0.0
2544.24,4.92922,0.0,0.0,0.0
2545.44,4.91626,0.0,0.0,0.0
2546.65,4.91004,0.0,0.0,0.0
2547.85,4.89638,0.0,0.0,0.0
2549.06,4.87604,0.0,0.0,0.0
2550.26,4.86826,0.0,0.0,0.0
2551.47,4.85002,0.0,0.0,0.0
2552.67,4.83729,0.0,0.0,0.0
2553.88,4.81956,0.0,0.0,0.0
2555.09,4.80341,0.0,0.0,0.0
2556.29,4.78559,0.0,0.0,0.0
2557.5,4.76711,0.0,0.0,0.0
2558.7,4.75061,0.0,0.0,0.0
2559.91,4.73366,0.0,0.0,0.0
2561.11,4.71482,0.0,0.0,0.0
2562.32,4.69647,0.0,0.0,0.0
2563.52,4.68221,0.0,0.0,0.0
2564.73,4.65433,0.0,0.0,0.0
2565.93,4.6384,0.0,0.0,0.0
2567.14,4.62397,0.0,0.0,0.0
2568.34,4.59304,0.0,0.0,0.0
2569.55,4.56917,0.0,0.0,0.0
2570.75,4.54935,0.0,0.0,0.0
2571.96,4.53497,0.0,0.0,0.0
2573.16,4.50773,0.0,0.0,0.0
2574.37,4.47351,0.0,0.0,0.0
2575.58,4.44728,0.0,0.0,0.0
2576.78,4.42533,0.0,0.0,0.0
2577.99,4.40907,0.0,0.0,0.0
2579.19,4.38086,0.0,0.0,0.0
2580.4,4.35054,0.0,0.0,0.0
2581.6,4.32004,0.0,0.0,0.0
2582.81,4.29,0.0,0.0,0.0
2584.01,4.25899,0.0,0.0,0.0
2585.22,4.22744,0.0,0.0,0.0
2586.42,4.2015,0.0,0.0,0.0
2587.63,4.17117,0.0,0.0,0.0
2588.84,4.14337,0.0,0.0,0.0
2590.04,4.10755,0.0,0.0,0.0
2591.24,4.06816,0.0,0.0,0.0
2592.45,4.0366,0.0,0.0,0.0
2593.66,4.01005,0.0,0.0,0.0
2594.86,3.97479,0.0,0.0,0.0
2596.07,3.93454,0.0,0.0,0.0
2597.27,3.89845,0.0,0.0,0.0
2598.48,3.85621,0.0,0.0,0.0
2599.68,3.81716,0.0,0.0,0.0
2600.89,3.78402,0.0,0.0,0.0
2602.09,3.74782,0.0,0.0,0.0
2603.3,3.70871,0.0,0.0,0.0
2604.5,3.6664,0.0,0.0,0.0
2605.71,3.62028,0.0,0.0,0.0
2606.91,3.58034,0.0,0.0,0.0
2608.12,3.53694,0.0,0.0,0.0
2609.32,3.49318,0.0,0.0,0.0
2610.53,3.45168,0.0,0.0,0.0
2611.74,3.41137,0.0,0.0,0.0
2612.94,3.3673,0.0,0.0,0.0
2614.15,3.32336,0.0,0.0,0.0
2615.35,3.27504,0.0,0.0,0.0
2616.56,3.21897,0.0,0.0,0.0
2617.76,3.17015,0.0,0.0,0.0
2618.97,3.12475,0.0,0.0,0.0
2620.17,3.08073,0.0,0.0,0.0
2621.38,3.03273,0.0,0.0,0.0
2622.58,2.97869,0.0,0.0,0.0
2623.79,2.92644,0.0,0.0,0.0
2624.99,2.87899,0.0,0.0,0.0
2626.2,2.82503,0.0,0.0,0.0
2627.41,2.77129,0.0,0.0,0.0
2628.61,2.71677,0.0,0.0,0.0
2629.82,2.66166,0.0,0.0,0.0
2631.02,2.60992,0.0,0.0,0.0
2632.23,2.55829,0.0,0.0,0.0
2633.43,2.50605,0.0,0.0,0.0
2634.64,2.44986,0.0,0.0,0.0
2635.84,2.39594,0.0,0.0,0.0
2637.05,2.34433,0.0,0.0,0.0
2638.25,2.28575,0.0,0.0,0.0
2639.46,2.22274,0.0,0.0,0.0
2640.66,2.16454,0.0,0.0,0.0
2641.87,2.11483,0.0,0.0,0.0
2643.07,2.0607,0.0,0.0,0.0
2644.28,2.00289,0.0,0.0,0.0
2645.49,1.94848,0.0,0.0,0.0
2646.69,1.891,0.0,0.0,0.0
2647.9,1.84187,0.0,0.0,0.0
2649.1,1.79017,0.0,0.0,0.0
2650.31,1.74023,0.0,0.0,0.0
2651.51,1.68712,0.0,0.0,0.0
2652.72,1.63783,0.0,0.0,0.0
2653.92,1.58638,0.0,0.0,0.0
2655.13,1.53828,0.0,0.0,0.0
2656.33,1.4934,0.0,0.0,0.0
2657.54,1.45266,0.0,0.0,0.0
2658.74,1.42042,0.0,0.0,0.0
2659.95,1.38158,0.0,0.0,0.0
2661.16,1.34536,0.0,0.0,0.0
2662.36,1.31841,0.0,0.0,0.0
2663.57,1.30524,0.0,0.0,0.0
2664.77,1.28738,0.0,0.0,0.0
2665.98,1.27257,0.0,0.0,0.0
2667.18,1.26623,0.0,0.0,0.0
2668.39,1.2635,0.0,0.0,0.0
2669.59,1.25811,0.0,0.0,0.0
2670.8,1.25211,0.0,0.0,0.0
2672.0,1.24768,0.0,0.0,0.0
2673.21,1.24663,0.0,0.0,0.0
2674.41,1.24096,0.0,0.0,0.0
2675.62,1.23761,0.0,0.0,0.0
2676.82,1.24041,0.0,0.0,0.0
2678.03,1.23726,0.0,0.0,0.0
2679.24,1.23584,0.0,0.0,0.0
2680.44,1.22471,0.0,0.0,0.0
2681.65,1.21557,0.0,0.0,0.0
2682.85,1.21312,0.0,0.0,0.0
2684.06,1.20672,0.0,0.0,0.0
2685.26,1.20186,0.0,0.0,0.0
2686.47,1.2025,0.0,0.0,0.0
2687.67,1.20524,0.0,0.0,0.0
2688.88,1.20111,0.0,0.0,0.0
2690.08,1.19445,0.0,0.0,0.0
2691.29,1.19111,0.0,0.0,0.0
2692.49,1.19072,0.0,0.0,0.0
2693.7,1.18762,0.0,0.0,0.0
2694.91,1.18501,0.0,0.0,0.0
2696.11,1.18389,0.0,0.0,0.0
2697.32,1.17646,0.0,0.0,0.0
2698.52,1.17192,0.0,0.0,0.0
2699.73,1.17753,0.0,0.0,0.0
2700.93,1.17571,0.0,0.0,0.0
2702.14,1.16941,0.0,0.0,0.0
2703.34,1.1658,0.0,0.0,0.0
2704.55,1.16534,0.0,0.0,0.0
2705.75,1.1622,0.0,0.0,0.0
2706.96,1.16124,0.0,0.0,0.0
2708.16,1.15757,0.0,0.0,0.0
2709.37,1.15366,0.0,0.0,0.0
2710.57,1.15351,0.0,0.0,0.0
2711.78,1.14928,0.0,0.0,0.0
2712.99,1.14775,0.0,0.0,0.0
2714.19,1.14497,0.0,0.0,0.0
2715.4,1.13951,0.0,0.0,0.0
2716.6,1.13999,0.0,0.0,0.0
2717.81,1.13794,0.0,0.0,0.0
2719.01,1.13306,0.0,0.0,0.0
2720.22,1.13427,0.0,0.0,0.0
2721.42,1.13526,0.0,0.0,0.0
2722.63,1.13459,0.0,0.0,0.0
2723.83,1.13133,0.0,0.0,0.0
2725.04,1.12819,0.0,0.0,0.0
2726.24,1.12658,0.0,0.0,0.0
2727.45,1.11752,0.0,0.0,0.0
2728.65,1.11432,0.0,0.0,0.0
2729.86,1.11736,0.0,0.0,0.0
2731.07,1.10911,0.0,0.0,0.0
2732.27,1.10755,0.0,0.0,0.0
2733.48,1.10979,0.0,0.0,0.0
2734.68,1.10448,0.0,0.0,0.0
2735.89,1.10142,0.0,0.0,0.0
2737.09,1.10336,0.0,0.0,0.0
2738.3,1.10302,0.0,0.0,0.0
2739.5,1.09976,0.0,0.0,0.0
2740.71,1.09598,0.0,0.0,0.0
2741.91,1.09287,0.0,0.0,0.0
2743.12,1.09058,0.0,0.0,0.0
2744.32,1.09051,0.0,0.0,0.0
2745.53,1.09496,0.0,0.0,0.0
2746.74,1.09696,0.0,0.0,0.0
2747.94,1.09574,0.0,0.0,0.0
2749.14,1.09476,0.0,0.0,0.0
2750.35,1.09098,0.0,0.0,0.0
2751.56,1.09172,0.0,0.0,0.0
2752.76,1.08928,0.0,0.0,0.0
2753.97,1.09014,0.0,0.0,0.0
2755.17,1.08859,0.0,0.0,0.0
2756.38,1.08639,0.0,0.0,0.0
2757.58,1.08461,0.0,0.0,0.0
2758.79,1.08703,0.0,0.0,0.0
2759.99,1.08579,0.0,0.0,0.0
2761.2,1.0866,0.0,0.0,0.0
2762.4,1.08188,0.0,0.0,0.0
2763.61,1.07849,0.0,0.0,0.0
2764.82,1.08014,0.0,0.0,0.0
2766.02,1.0777,0.0,0.0,0.0
2767.22,1.07619,0.0,0.0,0.0
2768.43,1.07469,0.0,0.0,0.0
2769.64,1.06706,0.0,0.0,0.0
2770.84,1.06618,0.0,0.0,0.0
2772.05,1.06913,0.0,0.0,0.0
2773.25,1.0698,0.0,0.0,0.0
2774.46,1.06992,0.0,0.0,0.0
2775.66,1.06818,0.0,0.0,0.0
2776.87,1.06133,0.0,0.0,0.0
2778.07,1.06451,0.0,0.0,0.0
2779.28,1.06701,0.0,0.0,0.0
2780.48,1.06914,0.0,0.0,0.0
2781.69,1.06913,0.0,0.0,0.0
2782.89,1.07003,0.0,0.0,0.0
2784.1,1.07124,0.0,0.0,0.0
2785.3,1.07284,0.0,0.0,0.0
2786.51,1.08174,0.0,0.0,0.0
2787.72,1.08482,0.0,0.0,0.0
2788.92,1.08833,0.0,0.0,0.0
2790.13,1.1046,0.0,0.0,0.0
2791.33,1.11229,0.0,0.0,0.0
2792.54,1.11855,0.0,0.0,0.0
2793.74,1.12337,0.0,0.0,0.0
2794.95,1.12306,0.0,0.0,0.0
2796.15,1.12729,0.0,0.0,0.0
2797.36,1.12448,0.0,0.0,0.0
2798.56,1.12694,0.0,0.0,0.0
2799.77,1.13475,0.0,0.0,0.0
2800.97,1.13631,0.0,0.0,0.0
2802.18,1.13115,0.0,0.0,0.0
2803.39,1.13031,0.0,0.0,0.0
2804.59,1.13053,0.0,0.0,0.0
2805.8,1.12816,0.0,0.0,0.0
2807.0,1.11647,0.0,0.0,0.0
2808.21,1.11079,0.0,0.0,0.0
2809.41,1.1062,0.0,0.0,0.0
2810.62,1.09939,0.0,0.0,0.0
2811.82,1.09403,0.0,0.0,0.0
2813.03,1.09107,0.0,0.0,0.0
2814.23,1.08492,0.0,0.0,0.0
2815.44,1.08383,0.0,0.0,0.0
2816.64,1.08379,0.0,0.0,0.0
2817.85,1.07729,0.0,0.0,0.0
2819.05,1.06605,0.0,0.0,0.0
2820.26,1.05619,0.0,0.0,0.0
2821.47,1.05004,0.0,0.0,0.0
2822.67,1.04346,0.0,0.0,0.0
2823.88,1.03562,0.0,0.0,0.0
2825.08,1.02531,0.0,0.0,0.0
2826.29,1.01645,0.0,0.0,0.0
2827.49,1.01652,0.0,0.0,0.0
2828.7,1.00879,0.0,0.0,0.0
2829.9,0.998364,0.0,0.0,0.0
2831.11,0.998827,0.0,0.0,0.0
2832.31,0.997,0.0,0.0,0.0
2833.52,0.991744,0.0,0.0,0.0
2834.72,0.980557,0.0,0.0,0.0
2835.93,0.983893,0.0,0.0,0.0
2837.14,0.986249,0.0,0.0,0.0
2838.34,0.985964,0.0,0.0,0.0
2839.55,0.982483,0.0,0.0,0.0
2840.75,0.977569,0.0,0.0,0.0
2841.96,0.97516,0.0,0.0,0.0
2843.16,0.978071,0.0,0.0,0.0
2844.37,0.984078,0.0,0.0,0.0
2845.57,0.987932,0.0,0.0,0.0
2846.78,0.989918,0.0,0.0,0.0
2847.98,0.987787,0.0,0.0,0.0
2849.19,0.989269,0.0,0.0,0.0
2850.39,0.989679,0.0,0.0,0.0
2851.6,0.983596,0.0,0.0,0.0
2852.8,0.977024,0.0,0.0,0.0
2854.01,0.972265,0.0,0.0,0.0
2855.22,0.963156,0.0,0.0,0.0
2856.42,0.957774,0.0,0.0,0.0
2857.63,0.955511,0.0,0.0,0.0
2858.83,0.958085,0.0,0.0,0.0
2860.04,0.955541,0.0,0.0,0.0
2861.24,0.949951,0.0,0.0,0.0
2862.45,0.948005,0.0,0.0,0.0
2863.65,0.949779,0.0,0.0,0.0
2864.86,0.949707,0.0,0.0,0.0
2866.06,0.94554,0.0,0.0,0.0
2867.27,0.934402,0.0,0.0,0.0
2868.47,0.931218,0.0,0.0,0.0
2869.68,0.937014,0.0,0.0,0.0
2870.89,0.940665,0.0,0.0,0.0
2872.09,0.938458,0.0,0.0,0.0
2873.3,0.934221,0.0,0.0,0.0
2874.5,0.928039,0.0,0.0,0.0
2875.71,0.924124,0.0,0.0,0.0
2876.91,0.927207,0.0,0.0,0.0
2878.12,0.929884,0.0,0.0,0.0
2879.32,0.932314,0.0,0.0,0.0
2880.53,0.927451,0.0,0.0,0.0
2881.73,0.928027,0.0,0.0,0.0
2882.94,0.932446,0.0,0.0,0.0
2884.14,0.932345,0.0,0.0,0.0
2885.35,0.93249,0.0,0.0,0.0
2886.55,0.928388,0.0,0.0,0.0
2887.76,0.925549,0.0,0.0,0.0
2888.97,0.925061,0.0,0.0,0.0
2890.17,0.92883,0.0,0.0,0.0
2891.38,0.927166,0.0,0.0,0.0
2892.58,0.931477,0.0,0.0,0.0
2893.79,0.928536,0.0,0.0,0.0
2894.99,0.923112,0.0,0.0,0.0
2896.2,0.922928,0.0,0.0,0.0
2897.4,0.920593,0.0,0.0,0.0
2898.61,0.925897,0.0,0.0,0.0
2899.81,0.922439,0.0,0.0,0.0
2901.02,0.921628,0.0,0.0,0.0
2902.22,0.924449,0.0,0.0,0.0
2903.43,0.924602,0.0,0.0,0.0
2904.63,0.922326,0.0,0.0,0.0
2905.84,0.92249,0.0,0.0,0.0
2907.05,0.931635,0.0,0.0,0.0
2908.25,0.933894,0.0,0.0,0.0
2909.46,0.940442,0.0,0.0,0.0
2910.66,0.945268,0.0,0.0,0.0
2911.87,0.940098,0.0,0.0,0.0
2913.07,0.944088,0.0,0.0,0.0
2914.28,0.95691,0.0,0.0,0.0
2915.48,0.961774,0.0,0.0,0.0
2916.69,0.965703,0.0,0.0,0.0
2917.89,0.968263,0.0,0.0,0.0
2919.1,0.972528,0.0,0.0,0.0
2920.3,0.975466,0.0,0.0,0.0
2921.51,0.967336,0.0,0.0,0.0
2922.72,0.95886,0.0,0.0,0.0
2923.92,0.958019,0.0,0.0,0.0
2925.12,0.956066,0.0,0.0,0.0
2926.33,0.950803,0.0,0.0,0.0
2927.54,0.949211,0.0,0.0,0.0
2928.74,0.947741,0.0,0.0,0.0
2929.95,0.943387,0.0,0.0,0.0
2931.15,0.940559,0.0,0.0,0.0
2932.36,0.939536,0.0,0.0,0.0
2933.56,0.941624,0.0,0.0,0.0
2934.77,0.93899,0.0,0.0,0.0
2935.97,0.944017,0.0,0.0,0.0
2937.18,0.941456,0.0,0.0,0.0
2938.38,0.933502,0.0,0.0,0.0
2939.59,0.937344,0.0,0.0,0.0
2940.8,0.934314,0.0,0.0,0.0
2942.0,0.934718,0.0,0.0,0.0
2943.2,0.932604,0.0,0.0,0.0
2944.41,0.936293,0.0,0.0,0.0
2945.62,0.932066,0.0,0.0,0.0
2946.82,0.926346,0.0,0.0,0.0
2948.03,0.927044,0.0,0.0,0.0
2949.23,0.927803,0.0,0.0,0.0
2950.44,0.923642,0.0,0.0,0.0
2951.64,0.917552,0.0,0.0,0.0
2952.85,0.926394,0.0,0.0,0.0
2954.05,0.928438,0.0,0.0,0.0
2955.26,0.930682,0.0,0.0,0.0
2956.46,0.928866,0.0,0.0,0.0
2957.67,0.93464,0.0,0.0,0.0
2958.88,0.939915,0.0,0.0,0.0
2960.08,0.938484,0.0,0.0,0.0
2961.28,0.942402,0.0,0.0,0.0
2962.49,0.94533,0.0,0.0,0.0
2963.7,0.945748,0.0,0.0,0.0
2964.9,0.949195,0.0,0.0,0.0
2966.11,0.949965,0.0,0.0,0.0
2967.31,0.949305,0.0,0.0,0.0
2968.52,0.944725,0.0,0.0,0.0
2969.72,0.935384,0.0,0.0,0.0
2970.93,0.940286,0.0,0.0,0.0
2972.13,0.94642,0.0,0.0,0.0
2973.34,0.93664,0.0,0.0,0.0
2974.54,0.934992,0.0,0.0,0.0
2975.75,0.933748,0.0,0.0,0.0
2976.95,0.931377,0.0,0.0,0.0
2978.16,0.936087,0.0,0.0,0.0
2979.36,0.939722,0.0,0.0,0.0
2980.57,0.944564,0.0,0.0,0.0
2981.78,0.949161,0.0,0.0,0.0
2982.98,0.948611,0.0,0.0,0.0
2984.19,0.947815,0.0,0.0,0.0
2985.39,0.937376,0.0,0.0,0.0
2986.6,0.941717,0.0,0.0,0.0
2987.8,0.941729,0.0,0.0,0.0
2989.01,0.937046,0.0,0.0,0.0
2990.21,0.93363,0.0,0.0,0.0
2991.42,0.943862,0.0,0.0,0.0
2992.62,0.945083,0.0,0.0,0.0
2993.83,0.943669,0.0,0.0,0.0
2995.03,0.939039,0.0,0.0,0.0
2996.24,0.9381,0.0,0.0,0.0
2997.45,0.940238,0.0,0.0,0.0
2998.65,0.932576,0.0,0.0,0.0
2999.86,0.928003,0.0,0.0,0.0
3001.06,0.93783,0.0,0.0,0.0
3002.27,0.937599,0.0,0.0,0.0
3003.47,0.938956,0.0,0.0,0.0
3004.68,0.92657,0.0,0.0,0.0
3005.88,0.917088,0.0,0.0,0.0
3007.09,0.921955,0.0,0.0,0.0
3008.29,0.927874,0.0,0.0,0.0
3009.5,0.924115,0.0,0.0,0.0
3010.7,0.922749,0.0,0.0,0.0
3011.91,0.92352,0.0,0.0,0.0
3013.11,0.909983,0.0,0.0,0.0
3014.32,0.913274,0.0,0.0,0.0
3015.53,0.909093,0.0,0.0,0.0
3016.73,0.908968,0.0,0.0,0.0
3017.94,0.911266,0.0,0.0,0.0
3019.14,0.914878,0.0,0.0,0.0
3020.35,0.902765,0.0,0.0,0.0
3021.55,0.891025,0.0,0.0,0.0
3022.76,0.898909,0.0,0.0,0.0
3023.96,0.904378,0.0,0.0,0.0
3025.17,0.898482,0.0,0.0,0.0
3026.37,0.883958,0.0,0.0,0.0
3027.58,0.880569,0.0,0.0,0.0
3028.78,0.887716,0.0,0.0,0.0
3029.99,0.900884,0.0,0.0,0.0
3031.2,0.90268,0.0,0.0,0.0
3032.4,0.896103,0.0,0.0,0.0
3033.61,0.888555,0.0,0.0,0.0
3034.81,0.882923,0.0,0.0,0.0
3036.02,0.883435,0.0,0.0,0.0
3037.22,0.877018,0.0,0.0,0.0
3038.43,0.874367,0.0,0.0,0.0
3039.63,0.883255,0.0,0.0,0.0
3040.84,0.888223,0.0,0.0,0.0
3042.04,0.891892,0.0,0.0,0.0
3043.25,0.885359,0.0,0.0,0.0
3044.45,0.871258,0.0,0.0,0.0
3045.66,0.876402,0.0,0.0,0.0
3046.86,0.876631,0.0,0.0,0.0
3048.07,0.875737,0.0,0.0,0.0
3049.28,0.868161,0.0,0.0,0.0
3050.48,0.8679,0.0,0.0,0.0
3051.69,0.866569,0.0,0.0,0.0
3052.89,0.865462,0.0,0.0,0.0
3054.1,0.867862,0.0,0.0,0.0
3055.3,0.87296,0.0,0.0,0.0
3056.51,0.86483,0.0,0.0,0.0
3057.71,0.863364,0.0,0.0,0.0
3058.92,0.869669,0.0,0.0,0.0
3060.12,0.867605,0.0,0.0,0.0
3061.33,0.867773,0.0,0.0,0.0
3062.53,0.862213,0.0,0.0,0.0
3063.74,0.860458,0.0,0.0,0.0
3064.95,0.860193,0.0,0.0,0.0
3066.15,0.869294,0.0,0.0,0.0
3067.36,0.867784,0.0,0.0,0.0
3068.56,0.869324,0.0,0.0,0.0
3069.77,0.862664,0.0,0.0,0.0
3070.97,0.861234,0.0,0.0,0.0
3072.18,0.86293,0.0,0.0,0.0
3073.38,0.862571,0.0,0.0,0.0
3074.59,0.861306,0.0,0.0,0.0
3075.79,0.870327,0.0,0.0,0.0
3077.0,0.874498,0.0,0.0,0.0
3078.2,0.873399,0.0,0.0,0.0
3079.41,0.873197,0.0,0.0,0.0
3080.61,0.865711,0.0,0.0,0.0
3081.82,0.864709,0.0,0.0,0.0
3083.03,0.865152,0.0,0.0,0.0
3084.23,0.863124,0.0,0.0,0.0
3085.44,0.861059,0.0,0.0,0.0
3086.64,0.855978,0.0,0.0,0.0
3087.85,0.862415,0.0,0.0,0.0
3089.05,0.862524,0.0,0.0,0.0
3090.26,0.865643,0.0,0.0,0.0
3091.46,0.858838,0.0,0.0,0.0
3092.67,0.860407,0.0,0.0,0.0
3093.87,0.857901,0.0,0.0,0.0
3095.08,0.859875,0.0,0.0,0.0
3096.28,0.858138,0.0,0.0,0.0
3097.49,0.860398,0.0,0.0,0.0
3098.7,0.862323,0.0,0.0,0.0
3099.9,0.865793,0.0,0.0,0.0
3101.11,0.863334,0.0,0.0,0.0
3102.31,0.859416,0.0,0.0,0.0
3103.52,0.85455,0.0,0.0,0.0
3104.72,0.858926,0.0,0.0,0.0
3105.93,0.85501,0.0,0.0,0.0
3107.13,0.855904,0.0,0.0,0.0
3108.34,0.861798,0.0,0.0,0.0
3109.54,0.858599,0.0,0.0,0.0
3110.75,0.854446,0.0,0.0,0.0
3111.95,0.855947,0.0,0.0,0.0
3113.16,0.844327,0.0,0.0,0.0
3114.36,0.851588,0.0,0.0,0.0
3115.57,0.859876,0.0,0.0,0.0
3116.78,0.862512,0.0,0.0,0.0
3117.98,0.861007,0.0,0.0,0.0
3119.18,0.856347,0.0,0.0,0.0
3120.39,0.866844,0.0,0.0,0.0
3121.6,0.861935,0.0,0.0,0.0
3122.8,0.854922,0.0,0.0,0.0
3124.01,0.857819,0.0,0.0,0.0
3125.21,0.866611,0.0,0.0,0.0
3126.42,0.860824,0.0,0.0,0.0
3127.62,0.859179,0.0,0.0,0.0
3128.83,0.865641,0.0,0.0,0.0
3130.03,0.861532,0.0,0.0,0.0
3131.24,0.863298,0.0,0.0,0.0
3132.44,0.869052,0.0,0.0,0.0
3133.65,0.862976,0.0,0.0,0.0
3134.86,0.859409,0.0,0.0,0.0
3136.06,0.859607,0.0,0.0,0.0
3137.26,0.86552,0.0,0.0,0.0
3138.47,0.868228,0.0,0.0,0.0
3139.68,0.872543,0.0,0.0,0.0
3140.88,0.867236,0.0,0.0,0.0
3142.09,0.866909,0.0,0.0,0.0
3143.29,0.870866,0.0,0.0,0.0
3144.5,0.87103,0.0,0.0,0.0
3145.7,0.872197,0.0,0.0,0.0
3146.91,0.869685,0.0,0.0,0.0
3148.11,0.875455,0.0,0.0,0.0
3149.32,0.869597,0.0,0.0,0.0
3150.52,0.872296,0.0,0.0,0.0
3151.73,0.886121,0.0,0.0,0.0
3152.93,0.885106,0.0,0.0,0.0
3154.14,0.875935,0.0,0.0,0.0
3155.35,0.874349,0.0,0.0,0.0
3156.55,0.871644,0.0,0.0,0.0
3157.76,0.865762,0.0,0.0,0.0
3158.96,0.873845,0.0,0.0,0.0
3160.17,0.881849,0.0,0.0,0.0
3161.37,0.886476,0.0,0.0,0.0
3162.58,0.885497,0.0,0.0,0.0
3163.78,0.88878,0.0,0.0,0.0
3164.99,0.889356,0.0,0.0,0.0
3166.19,0.888226,0.0,0.0,0.0
3167.4,0.885428,0.0,0.0,0.0
3168.6,0.886868,0.0,0.0,0.0
3169.81,0.897233,0.0,0.0,0.0
3171.01,0.901229,0.0,0.0,0.0
3172.22,0.895098,0.0,0.0,0.0
3173.43,0.892988,0.0,0.0,0.0
3174.63,0.895901,0.0,0.0,0.0
3175.84,0.891601,0.0,0.0,0.0
3177.04,0.900658,0.0,0.0,0.0
3178.25,0.895855,0.0,0.0,0.0
3179.45,0.891011,0.0,0.0,0.0
3180.66,0.897036,0.0,0.0,0.0
3181.86,0.892244,0.0,0.0,0.0
3183.07,0.894844,0.0,0.0,0.0
3184.27,0.898721,0.0,0.0,0.0
3185.48,0.895463,0.0,0.0,0.0
3186.68,0.899364,0.0,0.0,0.0
3187.89,0.902102,0.0,0.0,0.0
3189.09,0.895415,0.0,0.0,0.0
3190.3,0.891367,0.0,0.0,0.0
3191.51,0.892699,0.0,0.0,0.0
3192.71,0.899278,0.0,0.0,0.0
3193.92,0.901412,0.0,0.0,0.0
3195.12,0.897006,0.0,0.0,0.0
3196.33,0.900947,0.0,0.0,0.0
3197.53,0.904749,0.0,0.0,0.0
3198.74,0.891276,0.0,0.0,0.0
3199.94,0.890118,0.0,0.0,0.0
3201.15,0.887824,0.0,0.0,0.0
3202.35,0.892829,0.0,0.0,0.0
3203.56,0.89876,0.0,0.0,0.0
3204.76,0.891388,0.0,0.0,0.0
3205.97,0.890066,0.0,0.0,0.0
3207.18,0.891524,0.0,0.0,0.0
3208.38,0.892279,0.0,0.0,0.0
3209.59,0.889226,0.0,0.0,0.0
3210.79,0.884792,0.0,0.0,0.0
3212.0,0.89165,0.0,0.0,0.0
3213.2,0.893561,0.0,0.0,0.0
3214.41,0.888447,0.0,0.0,0.0
3215.61,0.888034,0.0,0.0,0.0
3216.82,0.890077,0.0,0.0,0.0
3218.02,0.895766,0.0,0.0,0.0
3219.23,0.88365,0.0,0.0,0.0
3220.43,0.872797,0.0,0.0,0.0
3221.64,0.873669,0.0,0.0,0.0
3222.84,0.878025,0.0,0.0,0.0
3224.05,0.876835,0.0,0.0,0.0
3225.26,0.873402,0.0,0.0,0.0
3226.46,0.879543,0.0,0.0,0.0
3227.67,0.873709,0.0,0.0,0.0
3228.87,0.862594,0.0,0.0,0.0
3230.08,0.855022,0.0,0.0,0.0
3231.28,0.861259,0.0,0.0,0.0
3232.49,0.876069,0.0,0.0,0.0
3233.69,0.876183,0.0,0.0,0.0
3234.9,0.863794,0.0,0.0,0.0
3236.1,0.865041,0.0,0.0,0.0
3237.31,0.860623,0.0,0.0,0.0
3238.51,0.854504,0.0,0.0,0.0
3239.72,0.853235,0.0,0.0,0.0
3240.93,0.845262,0.0,0.0,0.0
3242.13,0.849387,0.0,0.0,0.0
3243.34,0.851036,0.0,0.0,0.0
3244.54,0.840261,0.0,0.0,0.0
3245.75,0.827488,0.0,0.0,0.0
3246.95,0.825059,0.0,0.0,0.0
3248.16,0.826372,0.0,0.0,0.0
3249.36,0.828476,0.0,0.0,0.0
3250.57,0.830717,0.0,0.0,0.0
3251.77,0.832669,0.0,0.0,0.0
3252.98,0.826751,0.0,0.0,0.0
3254.18,0.826359,0.0,0.0,0.0
3255.39,0.828593,0.0,0.0,0.0
3256.59,0.829224,0.0,0.0,0.0
3257.8,0.818463,0.0,0.0,0.0
3259.01,0.810626,0.0,0.0,0.0
3260.21,0.810106,0.0,0.0,0.0
3261.42,0.808491,0.0,0.0,0.0
3262.62,0.805646,0.0,0.0,0.0
3263.83,0.799502,0.0,0.0,0.0
3265.03,0.796727,0.0,0.0,0.0
3266.24,0.797966,0.0,0.0,0.0
3267.44,0.793996,0.0,0.0,0.0
3268.65,0.793747,0.0,0.0,0.0
3269.85,0.800935,0.0,0.0,0.0
3271.06,0.798364,0.0,0.0,0.0
3272.26,0.78934,0.0,0.0,0.0
3273.47,0.782166,0.0,0.0,0.0
3274.68,0.778538,0.0,0.0,0.0
3275.88,0.777899,0.0,0.0,0.0
3277.09,0.761951,0.0,0.0,0.0
3278.29,0.757893,0.0,0.0,0.0
3279.5,0.75998,0.0,0.0,0.0
3280.7,0.762985,0.0,0.0,0.0
3281.91,0.76151,0.0,0.0,0.0
3283.11,0.750417,0.0,0.0,0.0
3284.32,0.747952,0.0,0.0,0.0
3285.52,0.741361,0.0,0.0,0.0
3286.73,0.734983,0.0,0.0,0.0
3287.93,0.741478,0.0,0.0,0.0
3289.14,0.740103,0.0,0.0,0.0
3290.34,0.731941,0.0,0.0,0.0
3291.55,0.729638,0.0,0.0,0.0
3292.76,0.730846,0.0,0.0,0.0
3293.96,0.730942,0.0,0.0,0.0
3295.16,0.7336,0.0,0.0,0.0
3296.37,0.730018,0.0,0.0,0.0
3297.58,0.717687,0.0,0.0,0.0
3298.78,0.706585,0.0,0.0,0.0
3299.99,0.709225,0.0,0.0,0.0
3301.19,0.714992,0.0,0.0,0.0
3302.4,0.719356,0.0,0.0,0.0
3303.6,0.720688,0.0,0.0,0.0
3304.81,0.730357,0.0,0.0,0.0
3306.01,0.73291,0.0,0.0,0.0
3307.22,0.725334,0.0,0.0,0.0
3308.42,0.716296,0.0,0.0,0.0
3309.63,0.705424,0.0,0.0,0.0
3310.84,0.700204,0.0,0.0,0.0
3312.04,0.703054,0.0,0.0,0.0
3313.24,0.700832,0.0,0.0,0.0
3314.45,0.698617,0.0,0.0,0.0
3315.66,0.694194,0.0,0.0,0.0
3316.86,0.695006,0.0,0.0,0.0
3318.07,0.694149,0.0,0.0,0.0
3319.27,0.68827,0.0,0.0,0.0
3320.48,0.68246,0.0,0.0,0.0
3321.68,0.685367,0.0,0.0,0.0
3322.89,0.683815,0.0,0.0,0.0
3324.09,0.68864,0.0,0.0,0.0
3325.3,0.691814,0.0,0.0,0.0
3326.5,0.695383,0.0,0.0,0.0
3327.71,0.684819,0.0,0.0,0.0
3328.91,0.676744,0.0,0.0,0.0
3330.12,0.691171,0.0,0.0,0.0
3331.33,0.690316,0.0,0.0,0.0
3332.53,0.674041,0.0,0.0,0.0
3333.74,0.681546,0.0,0.0,0.0
3334.94,0.684486,0.0,0.0,0.0
3336.15,0.691715,0.0,0.0,0.0
3337.35,0.690932,0.0,0.0,0.0
3338.56,0.691095,0.0,0.0,0.0
3339.76,0.67949,0.0,0.0,0.0
3340.97,0.676131,0.0,0.0,0.0
3342.17,0.680217,0.0,0.0,0.0
3343.38,0.679616,0.0,0.0,0.0
3344.58,0.683994,0.0,0.0,0.0
3345.79,0.685067,0.0,0.0,0.0
3346.99,0.675066,0.0,0.0,0.0
3348.2,0.673137,0.0,0.0,0.0
3349.41,0.687499,0.0,0.0,0.0
3350.61,0.688139,0.0,0.0,0.0
3351.82,0.685349,0.0,0.0,0.0
3353.02,0.692888,0.0,0.0,0.0
3354.23,0.685441,0.0,0.0,0.0
3355.43,0.669836,0.0,0.0,0.0
3356.64,0.674922,0.0,0.0,0.0
3357.84,0.686173,0.0,0.0,0.0
3359.05,0.689309,0.0,0.0,0.0
3360.25,0.687647,0.0,0.0,0.0
3361.46,0.684648,0.0,0.0,0.0
3362.66,0.684607,0.0,0.0,0.0
3363.87,0.693354,0.0,0.0,0.0
3365.07,0.69685,0.0,0.0,0.0
3366.28,0.694177,0.0,0.0,0.0
3367.49,0.697138,0.0,0.0,0.0
3368.69,0.706277,0.0,0.0,0.0
3369.9,0.705829,0.0,0.0,0.0
3371.1,0.699241,0.0,0.0,0.0
3372.31,0.704861,0.0,0.0,0.0
3373.51,0.704596,0.0,0.0,0.0
3374.72,0.710337,0.0,0.0,0.0
3375.92,0.708829,0.0,0.0,0.0
3377.13,0.706177,0.0,0.0,0.0
3378.33,0.706923,0.0,0.0,0.0
3379.54,0.714201,0.0,0.0,0.0
3380.74,0.71286,0.0,0.0,0.0
3381.95,0.715897,0.0,0.0,0.0
3383.16,0.721616,0.0,0.0,0.0
3384.36,0.720049,0.0,0.0,0.0
3385.57,0.716655,0.0,0.0,0.0
3386.77,0.717734,0.0,0.0,0.0
3387.98,0.722927,0.0,0.0,0.0
3389.18,0.725447,0.0,0.0,0.0
3390.39,0.739093,0.0,0.0,0.0
3391.59,0.754896,0.0,0.0,0.0
3392.8,0.740593,0.0,0.0,0.0
3394.0,0.728801,0.0,0.0,0.0
3395.21,0.738398,0.0,0.0,0.0
3396.41,0.756513,0.0,0.0,0.0
3397.62,0.750751,0.0,0.0,0.0
3398.82,0.756628,0.0,0.0,0.0
3400.03,0.769616,0.0,0.0,0.0
3401.24,0.768094,0.0,0.0,0.0
3402.44,0.766051,0.0,0.0,0.0
3403.65,0.765363,0.0,0.0,0.0
3404.85,0.77502,0.0,0.0,0.0
3406.06,0.772254,0.0,0.0,0.0
3407.26,0.77617,0.0,0.0,0.0
3408.47,0.79031,0.0,0.0,0.0
3409.67,0.790573,0.0,0.0,0.0
3410.88,0.78896,0.0,0.0,0.0
3412.08,0.797965,0.0,0.0,0.0
3413.29,0.801204,0.0,0.0,0.0
3414.49,0.805106,0.0,0.0,0.0
3415.7,0.803052,0.0,0.0,0.0
3416.91,0.802734,0.0,0.0,0.0
3418.11,0.801902,0.0,0.0,0.0
3419.32,0.80797,0.0,0.0,0.0
3420.52,0.811517,0.0,0.0,0.0
3421.73,0.813619,0.0,0.0,0.0
3422.93,0.813645,0.0,0.0,0.0
3424.14,0.820086,0.0,0.0,0.0
3425.34,0.831824,0.0,0.0,0.0
3426.55,0.834412,0.0,0.0,0.0
3427.75,0.838278,0.0,0.0,0.0
3428.96,0.838347,0.0,0.0,0.0
3430.16,0.850985,0.0,0.0,0.0
3431.37,0.856919,0.0,0.0,0.0
3432.57,0.863753,0.0,0.0,0.0
3433.78,0.87501,0.0,0.0,0.0
3434.99,0.879221,0.0,0.0,0.0
3436.19,0.86835,0.0,0.0,0.0
3437.4,0.865761,0.0,0.0,0.0
3438.6,0.871388,0.0,0.0,0.0
3439.81,0.871294,0.0,0.0,0.0
3441.01,0.882084,0.0,0.0,0.0
3442.22,0.884717,0.0,0.0,0.0
3443.42,0.876303,0.0,0.0,0.0
3444.63,0.892878,0.0,0.0,0.0
3445.83,0.91826,0.0,0.0,0.0
3447.04,0.903909,0.0,0.0,0.0
3448.24,0.884925,0.0,0.0,0.0
3449.45,0.90868,0.0,0.0,0.0
3450.66,0.913296,0.0,0.0,0.0
3451.86,0.915373,0.0,0.0,0.0
3453.07,0.919114,0.0,0.0,0.0
3454.27,0.928986,0.0,0.0,0.0
3455.48,0.94423,0.0,0.0,0.0
3456.68,0.938945,0.0,0.0,0.0
3457.89,0.931634,0.0,0.0,0.0
3459.09,0.942185,0.0,0.0,0.0
3460.3,0.951141,0.0,0.0,0.0
3461.5,0.946201,0.0,0.0,0.0
3462.71,0.94815,0.0,0.0,0.0
3463.91,0.951758,0.0,0.0,0.0
3465.12,0.95222,0.0,0.0,0.0
3466.32,0.970435,0.0,0.0,0.0
3467.53,0.974725,0.0,0.0,0.0
3468.74,0.980444,0.0,0.0,0.0
3469.94,0.980911,0.0,0.0,0.0
3471.14,0.97853,0.0,0.0,0.0
3472.35,0.98119,0.0,0.0,0.0
3473.56,0.977372,0.0,0.0,0.0
3474.76,0.982259,0.0,0.0,0.0
3475.97,0.98372,0.0,0.0,0.0
3477.17,0.991522,0.0,0.0,0.0
3478.38,0.994834,0.0,0.0,0.0
3479.58,1.00694,0.0,0.0,0.0
3480.79,1.00814,0.0,0.0,0.0
3481.99,1.00714,0.0,0.0,0.0
3483.2,1.00546,0.0,0.0,0.0
3484.4,1.02198,0.0,0.0,0.0
3485.61,1.01719,0.0,0.0,0.0
3486.82,1.02225,0.0,0.0,0.0
3488.02,1.01364,0.0,0.0,0.0
3489.23,1.00744,0.0,0.0,0.0
3490.43,1.0221,0.0,0.0,0.0
3491.64,1.01167,0.0,0.0,0.0
3492.84,1.01985,0.0,0.0,0.0
3494.05,1.02783,0.0,0.0,0.0
3495.25,1.02707,0.0,0.0,0.0
3496.46,1.02726,0.0,0.0,0.0
3497.66,1.02431,0.0,0.0,0.0
3498.87,1.03406,0.0,0.0,0.0
3500.07,1.02924,0.0,0.0,0.0
3501.28,1.04611,0.0,0.0,0.0
3502.48,1.0688,0.0,0.0,0.0
3503.69,1.03561,0.0,0.0,0.0
3504.89,1.03737,0.0,0.0,0.0
3506.1,1.04215,0.0,0.0,0.0
3507.31,1.05554,0.0,0.0,0.0
3508.51,1.08805,0.0,0.0,0.0
3509.72,1.0553,0.0,0.0,0.0
3510.92,1.05284,0.0,0.0,0.0
3512.13,1.06006,0.0,0.0,0.0
3513.33,1.06584,0.0,0.0,0.0
3514.54,1.06657,0.0,0.0,0.0
3515.74,1.05913,0.0,0.0,0.0
3516.95,1.06801,0.0,0.0,0.0
3518.15,1.07866,0.0,0.0,0.0
3519.36,1.07253,0.0,0.0,0.0
3520.56,1.06549,0.0,0.0,0.0
3521.77,1.09507,0.0,0.0,0.0
3522.97,1.08956,0.0,0.0,0.0
3524.18,1.07401,0.0,0.0,0.0
3525.39,1.09702,0.0,0.0,0.0
3526.59,1.10677,0.0,0.0,0.0
3527.8,1.10231,0.0,0.0,0.0
3529.0,1.09552,0.0,0.0,0.0
3530.21,1.09822,0.0,0.0,0.0
3531.41,1.10434,0.0,0.0,0.0
3532.62,1.10977,0.0,0.0,0.0
3533.82,1.11529,0.0,0.0,0.0
3535.03,1.13614,0.0,0.0,0.0
3536.23,1.12349,0.0,0.0,0.0
3537.44,1.10085,0.0,0.0,0.0
3538.64,1.12716,0.0,0.0,0.0
3539.85,1.12815,0.0,0.0,0.0
3541.05,1.12877,0.0,0.0,0.0
3542.26,1.14949,0.0,0.0,0.0
3543.47,1.15314,0.0,0.0,0.0
3544.67,1.16569,0.0,0.0,0.0
3545.88,1.1607,0.0,0.0,0.0
3547.08,1.15194,0.0,0.0,0.0
3548.29,1.13976,0.0,0.0,0.0
3549.49,1.16558,0.0,0.0,0.0
3550.7,1.19607,0.0,0.0,0.0
3551.9,1.18909,0.0,0.0,0.0
3553.11,1.16351,0.0,0.0,0.0
3554.31,1.17306,0.0,0.0,0.0
3555.52,1.18159,0.0,0.0,0.0
3556.72,1.17646,0.0,0.0,0.0
3557.93,1.17766,0.0,0.0,0.0
3559.14,1.21456,0.0,0.0,0.0
3560.34,1.19307,0.0,0.0,0.0
3561.55,1.20399,0.0,0.0,0.0
3562.75,1.22374,0.0,0.0,0.0
3563.96,1.21041,0.0,0.0,0.0
3565.16,1.29246,0.0,0.0,0.0
3566.37,1.26043,0.0,0.0,0.0
3567.57,1.24589,0.0,0.0,0.0
3568.78,1.13708,0.0,0.0,0.0
3569.98,1.22891,0.0,0.0,0.0
3571.19,1.23342,0.0,0.0,0.0
3572.39,1.25314,0.0,0.0,0.0
3573.6,1.26389,0.0,0.0,0.0
3574.8,1.25636,0.0,0.0,0.0
3576.01,1.27948,0.0,0.0,0.0
3577.22,1.26533,0.0,0.0,0.0
3578.42,1.26877,0.0,0.0,0.0
3579.63,1.27406,0.0,0.0,0.0
3580.83,1.26027,0.0,0.0,0.0
3582.04,1.29044,0.0,0.0,0.0
3583.24,1.29687,0.0,0.0,0.0
3584.45,1.29645,0.0,0.0,0.0
3585.65,1.41023,0.0,0.0,0.0
3586.86,1.30367,0.0,0.0,0.0
3588.06,1.34602,0.0,0.0,0.0
3589.27,1.1948,0.0,0.0,0.0
3590.47,1.28767,0.0,0.0,0.0
3591.68,1.32214,0.0,0.0,0.0
3592.89,1.31053,0.0,0.0,0.0
3594.09,1.30599,0.0,0.0,0.0
3595.3,1.32473,0.0,0.0,0.0
3596.5,1.29123,0.0,0.0,0.0
3597.71,1.34103,0.0,0.0,0.0
3598.91,1.31274,0.0,0.0,0.0
3600.12,1.34787,0.0,0.0,0.0
3601.32,1.30721,0.0,0.0,0.0
3602.53,1.31998,0.0,0.0,0.0
3603.73,1.31293,0.0,0.0,0.0
3604.94,1.32652,0.0,0.0,0.0
3606.14,1.40352,0.0,0.0,0.0
3607.35,1.31683,0.0,0.0,0.0
3608.55,1.43421,0.0,0.0,0.0
3609.76,1.18327,0.0,0.0,0.0
3610.97,1.33382,0.0,0.0,0.0
3612.17,1.40315,0.0,0.0,0.0
3613.38,1.26761,0.0,0.0,0.0
3614.58,1.33964,0.0,0.0,0.0
3615.79,1.31014,0.0,0.0,0.0
3616.99,1.41773,0.0,0.0,0.0
3618.2,1.37448,0.0,0.0,0.0
3619.4,1.36697,0.0,0.0,0.0
3620.61,1.23427,0.0,0.0,0.0
3621.81,1.32078,0.0,0.0,0.0
3623.02,1.35428,0.0,0.0,0.0
3624.22,1.35835,0.0,0.0,0.0
3625.43,1.38318,0.0,0.0,0.0
3626.64,1.41305,0.0,0.0,0.0
3627.84,1.60406,0.0,0.0,0.0
3629.05,1.38492,0.0,0.0,0.0
3630.25,1.12797,0.0,0.0,0.0
3631.46,1.31062,0.0,0.0,0.0
3632.66,1.43303,0.0,0.0,0.0
3633.87,1.36369,0.0,0.0,0.0
3635.07,1.32379,0.0,0.0,0.0
3636.28,1.382,0.0,0.0,0.0
3637.48,1.39895,0.0,0.0,0.0
3638.69,1.35999,0.0,0.0,0.0
3639.89,1.36155,0.0,0.0,0.0
3641.1,1.38614,0.0,0.0,0.0
3642.3,1.381,0.0,0.0,0.0
3643.51,1.36829,0.0,0.0,0.0
3644.72,1.38608,0.0,0.0,0.0
3645.92,1.51227,0.0,0.0,0.0
3647.12,1.42121,0.0,0.0,0.0
3648.33,1.45844,0.0,0.0,0.0
3649.54,1.38651,0.0,0.0,0.0
3650.74,1.33954,0.0,0.0,0.0
3651.95,1.23655,0.0,0.0,0.0
3653.15,1.3677,0.0,0.0,0.0
3654.36,1.41475,0.0,0.0,0.0
3655.56,1.57296,0.0,0.0,0.0
3656.77,1.23619,0.0,0.0,0.0
3657.97,1.33759,0.0,0.0,0.0
3659.18,1.40994,0.0,0.0,0.0
3660.38,1.38634,0.0,0.0,0.0
3661.59,1.37029,0.0,0.0,0.0
3662.8,1.38075,0.0,0.0,0.0
3664.0,1.39072,0.0,0.0,0.0
3665.21,1.36583,0.0,0.0,0.0
3666.41,1.36822,0.0,0.0,0.0
3667.62,1.50572,0.0,0.0,0.0
3668.82,1.436,0.0,0.0,0.0
3670.03,1.56517,0.0,0.0,0.0
3671.23,1.13707,0.0,0.0,0.0
3672.44,1.3063,0.0,0.0,0.0
3673.64,1.55742,0.0,0.0,0.0
3674.85,1.64537,0.0,0.0,0.0
3676.05,1.14532,0.0,0.0,0.0
3677.26,1.20338,0.0,0.0,0.0
3678.46,1.43326,0.0,0.0,0.0
3679.67,1.35706,0.0,0.0,0.0
3680.88,1.32379,0.0,0.0,0.0
3682.08,1.36816,0.0,0.0,0.0
3683.29,1.37864,0.0,0.0,0.0
3684.49,1.38136,0.0,0.0,0.0
3685.7,1.38222,0.0,0.0,0.0
3686.9,1.54169,0.0,0.0,0.0
3688.11,1.54334,0.0,0.0,0.0
3689.31,1.13008,0.0,0.0,0.0
3690.52,1.48565,0.0,0.0,0.0
3691.72,1.26765,0.0,0.0,0.0
3692.93,1.33968,0.0,0.0,0.0
3694.13,1.36175,0.0,0.0,0.0
3695.34,1.36573,0.0,0.0,0.0
3696.54,1.35965,0.0,0.0,0.0
3697.75,1.36744,0.0,0.0,0.0
3698.95,1.36464,0.0,0.0,0.0
3700.16,1.40696,0.0,0.0,0.0
3701.37,1.4263,0.0,0.0,0.0
3702.57,1.22161,0.0,0.0,0.0
3703.78,1.33086,0.0,0.0,0.0
3704.98,1.34794,0.0,0.0,0.0
3706.19,1.33106,0.0,0.0,0.0
3707.39,1.35317,0.0,0.0,0.0
3708.6,1.45174,0.0,0.0,0.0
3709.8,1.22638,0.0,0.0,0.0
3711.01,1.48823,0.0,0.0,0.0
3712.21,1.24851,0.0,0.0,0.0
3713.42,1.1347,0.0,0.0,0.0
3714.62,1.30723,0.0,0.0,0.0
3715.83,1.2841,0.0,0.0,0.0
3717.03,1.30935,0.0,0.0,0.0
3718.24,1.35102,0.0,0.0,0.0
3719.45,1.24227,0.0,0.0,0.0
3720.65,1.31153,0.0,0.0,0.0
3721.86,1.35314,0.0,0.0,0.0
3723.06,1.19954,0.0,0.0,0.0
3724.27,1.29752,0.0,0.0,0.0
3725.47,1.31309,0.0,0.0,0.0
3726.68,1.24272,0.0,0.0,0.0
3727.88,1.19681,0.0,0.0,0.0
3729.09,1.23577,0.0,0.0,0.0
3730.29,1.3013,0.0,0.0,0.0
3731.5,1.43526,0.0,0.0,0.0
3732.7,1.05164,0.0,0.0,0.0
3733.91,1.35837,0.0,0.0,0.0
3735.11,1.27424,0.0,0.0,0.0
3736.32,1.17578,0.0,0.0,0.0
3737.53,1.08607,0.0,0.0,0.0
3738.73,1.15159,0.0,0.0,0.0
3739.94,1.21958,0.0,0.0,0.0
3741.14,1.18048,0.0,0.0,0.0
3742.35,1.18438,0.0,0.0,0.0
3743.55,1.67655,0.0,0.0,0.0
3744.76,0.853749,0.0,0.0,0.0
3745.96,0.871326,0.0,0.0,0.0
3747.17,1.16466,0.0,0.0,0.0
3748.37,1.45488,0.0,0.0,0.0
3749.58,0.948461,0.0,0.0,0.0
3750.78,1.09136,0.0,0.0,0.0
3751.99,1.19908,0.0,0.0,0.0
3753.2,0.809661,0.0,0.0,0.0
3754.4,1.05829,0.0,0.0,0.0
3755.61,1.15389,0.0,0.0,0.0
3756.81,1.02479,0.0,0.0,0.0
3758.02,1.062,0.0,0.0,0.0
3759.22,1.15775,0.0,0.0,0.0
3760.43,0.945098,0.0,0.0,0.0
3761.63,1.03571,0.0,0.0,0.0
3762.84,1.04033,0.0,0.0,0.0
3764.04,1.07334,0.0,0.0,0.0
3765.25,1.10335,0.0,0.0,0.0
3766.45,0.914103,0.0,0.0,0.0
3767.66,1.00279,0.0,0.0,0.0
3768.86,1.1669,0.0,0.0,0.0
3770.07,0.944984,0.0,0.0,0.0
3771.28,0.914093,0.0,0.0,0.0
3772.48,0.985064,0.0,0.0,0.0
3773.69,0.983866,0.0,0.0,0.0
3774.89,0.982413,0.0,0.0,0.0
3776.1,0.970057,0.0,0.0,0.0
3777.3,0.978112,0.0,0.0,0.0
3778.51,1.06419,0.0,0.0,0.0
3779.71,0.912412,0.0,0.0,0.0
3780.92,0.888292,0.0,0.0,0.0
3782.12,0.937116,0.0,0.0,0.0
3783.33,0.965108,0.0,0.0,0.0
3784.53,0.948723,0.0,0.0,0.0
3785.74,0.891251,0.0,0.0,0.0
3786.95,0.905934,0.0,0.0,0.0
3788.15,0.900038,0.0,0.0,0.0
3789.36,0.902085,0.0,0.0,0.0
3790.56,0.904961,0.0,0.0,0.0
3791.77,0.885472,0.0,0.0,0.0
3792.97,0.869453,0.0,0.0,0.0
3794.18,0.871053,0.0,0.0,0.0
3795.38,0.968302,0.0,0.0,0.0
3796.59,0.876636,0.0,0.0,0.0
3797.79,0.824693,0.0,0.0,0.0
3799.0,0.865939,0.0,0.0,0.0
3800.2,1.1261,0.0,0.0,0.0
3801.41,0.840176,0.0,0.0,0.0
3802.61,0.668986,0.0,0.0,0.0
3803.82,0.825918,0.0,0.0,0.0
3805.03,0.88925,0.0,0.0,0.0
3806.23,1.07925,0.0,0.0,0.0
3807.44,0.664899,0.0,0.0,0.0
3808.64,0.762852,0.0,0.0,0.0
3809.85,0.851486,0.0,0.0,0.0
3811.05,0.861187,0.0,0.0,0.0
3812.26,0.839294,0.0,0.0,0.0
3813.46,0.823321,0.0,0.0,0.0
3814.67,1.01957,0.0,0.0,0.0
3815.87,0.930854,0.0,0.0,0.0
3817.08,0.573452,0.0,0.0,0.0
3818.28,0.819084,0.0,0.0,0.0
3819.49,0.939949,0.0,0.0,0.0
3820.7,0.977545,0.0,0.0,0.0
3821.9,0.600982,0.0,0.0,0.0
3823.11,0.707509,0.0,0.0,0.0
3824.31,0.806302,0.0,0.0,0.0
3825.52,0.854729,0.0,0.0,0.0
3826.72,0.797641,0.0,0.0,0.0
3827.93,0.726448,0.0,0.0,0.0
3829.13,0.763231,0.0,0.0,0.0
3830.34,0.875173,0.0,0.0,0.0
3831.54,0.825114,0.0,0.0,0.0
3832.75,0.695401,0.0,0.0,0.0
3833.95,0.919459,0.0,0.0,0.0
3835.16,0.725623,0.0,0.0,0.0
3836.36,0.870607,0.0,0.0,0.0
3837.57,0.94247,0.0,0.0,0.0
3838.78,0.558816,0.0,0.0,0.0
3839.98,0.841553,0.0,0.0,0.0
3841.19,0.698547,0.0,0.0,0.0
3842.39,0.772874,0.0,0.0,0.0
3843.6,0.780752,0.0,0.0,0.0
3844.8,0.662297,0.0,0.0,0.0
3846.01,0.755288,0.0,0.0,0.0
3847.21,0.783283,0.0,0.0,0.0
3848.42,0.789361,0.0,0.0,0.0
3849.62,0.767329,0.0,0.0,0.0
3850.83,0.965401,0.0,0.0,0.0
3852.03,0.854269,0.0,0.0,0.0
3853.24,1.07024,0.0,0.0,0.0
3854.44,0.385321,0.0,0.0,0.0
3855.65,0.554826,0.0,0.0,0.0
3856.86,0.800234,0.0,0.0,0.0
3858.06,0.715446,0.0,0.0,0.0
3859.27,0.749446,0.0,0.0,0.0
3860.47,0.829742,0.0,0.0,0.0
3861.68,0.794017,0.0,0.0,0.0
3862.88,0.726882,0.0,0.0,0.0
3864.09,0.941696,0.0,0.0,0.0
3865.29,0.700399,0.0,0.0,0.0
3866.5,0.683949,0.0,0.0,0.0
3867.7,0.822727,0.0,0.0,0.0
3868.91,0.99748,0.0,0.0,0.0
3870.11,0.673243,0.0,0.0,0.0
3871.32,0.607896,0.0,0.0,0.0
3872.52,0.801932,0.0,0.0,0.0
3873.73,0.889934,0.0,0.0,0.0
3874.93,0.677462,0.0,0.0,0.0
3876.14,0.743332,0.0,0.0,0.0
3877.35,0.767867,0.0,0.0,0.0
3878.55,0.831957,0.0,0.0,0.0
3879.76,0.94337,0.0,0.0,0.0
3880.96,0.698656,0.0,0.0,0.0
3882.17,0.756156,0.0,0.0,0.0
3883.37,0.775005,0.0,0.0,0.0
3884.58,0.952904,0.0,0.0,0.0
3885.78,0.780342,0.0,0.0,0.0
3886.99,0.624379,0.0,0.0,0.0
3888.19,0.776935,0.0,0.0,0.0
3889.4,0.815387,0.0,0.0,0.0
3890.6,0.93331,0.0,0.0,0.0
3891.81,0.66053,0.0,0.0,0.0
3893.01,0.725959,0.0,0.0,0.0
3894.22,0.765953,0.0,0.0,0.0
3895.43,0.78411,0.0,0.0,0.0
3896.63,0.796569,0.0,0.0,0.0
3897.84,0.870142,0.0,0.0,0.0
3899.04,0.861307,0.0,0.0,0.0
3900.25,0.730782,0.0,0.0,0.0
3901.45,0.887484,0.0,0.0,0.0
3902.66,0.743866,0.0,0.0,0.0
3903.86,0.86722,0.0,0.0,0.0
3905.07,0.692375,0.0,0.0,0.0
3906.27,0.748621,0.0,0.0,0.0
3907.48,0.771991,0.0,0.0,0.0
3908.68,0.792624,0.0,0.0,0.0
3909.89,0.783031,0.0,0.0,0.0
3911.09,0.786996,0.0,0.0,0.0
3912.3,0.798522,0.0,0.0,0.0
3913.51,0.802908,0.0,0.0,0.0
3914.71,0.819358,0.0,0.0,0.0
3915.92,0.892836,0.0,0.0,0.0
3917.12,0.811072,0.0,0.0,0.0
3918.33,0.765309,0.0,0.0,0.0
3919.53,0.851995,0.0,0.0,0.0
3920.74,0.761388,0.0,0.0,0.0
3921.94,0.81798,0.0,0.0,0.0
3923.15,0.856838,0.0,0.0,0.0
3924.35,0.862041,0.0,0.0,0.0
3925.56,0.791907,0.0,0.0,0.0
3926.76,0.818778,0.0,0.0,0.0
3927.97,0.844388,0.0,0.0,0.0
3929.18,0.839263,0.0,0.0,0.0
3930.38,0.832776,0.0,0.0,0.0
3931.59,0.894733,0.0,0.0,0.0
3932.79,0.819931,0.0,0.0,0.0
3934.0,0.818817,0.0,0.0,0.0
3935.2,0.828613,0.0,0.0,0.0
3936.41,0.847986,0.0,0.0,0.0
3937.61,0.850345,0.0,0.0,0.0
3938.82,0.843697,0.0,0.0,0.0
3940.02,0.842774,0.0,0.0,0.0
3941.23,0.886514,0.0,0.0,0.0
3942.43,0.904265,0.0,0.0,0.0
3943.64,0.828873,0.0,0.0,0.0
3944.84,0.84488,0.0,0.0,0.0
3946.05,0.882576,0.0,0.0,0.0
3947.26,0.910765,0.0,0.0,0.0
3948.46,0.878544,0.0,0.0,0.0
3949.67,0.878226,0.0,0.0,0.0
3950.87,0.843456,0.0,0.0,0.0
3952.08,0.89125,0.0,0.0,0.0
3953.28,0.891159,0.0,0.0,0.0
3954.49,0.884969,0.0,0.0,0.0
3955.69,0.894077,0.0,0.0,0.0
3956.9,0.889719,0.0,0.0,0.0
3958.1,0.87398,0.0,0.0,0.0
3959.31,0.899708,0.0,0.0,0.0
3960.51,0.919266,0.0,0.0,0.0
3961.72,0.914649,0.0,0.0,0.0
3962.93,0.904173,0.0,0.0,0.0
3964.13,0.920431,0.0,0.0,0.0
3965.34,0.923194,0.0,0.0,0.0
3966.54,0.938973,0.0,0.0,0.0
3967.75,0.94044,0.0,0.0,0.0
3968.95,0.917944,0.0,0.0,0.0
3970.16,0.917082,0.0,0.0,0.0
3971.36,0.947194,0.0,0.0,0.0
3972.57,0.956002,0.0,0.0,0.0
3973.77,0.956716,0.0,0.0,0.0
3974.98,0.945253,0.0,0.0,0.0
3976.18,0.95087,0.0,0.0,0.0
3977.39,0.959022,0.0,0.0,0.0
3978.59,0.949204,0.0,0.0,0.0
3979.8,0.949732,0.0,0.0,0.0
3981.01,0.966272,0.0,0.0,0.0
3982.21,0.960935,0.0,0.0,0.0
3983.42,0.960058,0.0,0.0,0.0
3984.62,0.982994,0.0,0.0,0.0
3985.83,0.985254,0.0,0.0,0.0
3987.03,0.982398,0.0,0.0,0.0
3988.24,0.99151,0.0,0.0,0.0
3989.44,1.00903,0.0,0.0,0.0
3990.65,1.01083,0.0,0.0,0.0
3991.85,1.00466,0.0,0.0,0.0
3993.06,1.00089,0.0,0.0,0.0
3994.26,1.00726,0.0,0.0,0.0
3995.47,1.01007,0.0,0.0,0.0
3996.68,1.01059,0.0,0.0,0.0
3997.88,1.01409,0.0,0.0,0.0
3999.09,1.028,0.0,0.0,0.0
